Taxon,ID,Rep,Date harvest,Height (cm),Fresh leaf mass (g),Dry leaf mass (g),LDMC,Leaf Area (cm2),SLA (cm2/g),Shoot dry biomass (g),Root dry biomass (g),Total biomass (g),RMF,Root volume (cm3),Root density (g/cm3),Coarse root diameter (mm),Length (mm),Fine root length (mm),Coarse root length (mm),Coarse root specific length (cm/g),Fine root specific length (cm/g),Proportion fine roots
Avena barbata,AVEBAR,1,10/25/21,10,0.032,0.00729,0.2278125,1.988,272.702332,0.013,0.039,0.052,0.75,1.034,0.037717602,0.4539,638.7929,521.9077,116.8852,2997.05641,13382.24872,0.817021761
Avena barbata,AVEBAR,2,10/25/21,17.1,0.084,0.01763,0.209880952,5.934,336.5853659,0.044,0.105,0.149,0.704697987,2.109,0.049786629,0.4907,1115.1047,864.2988,250.8059,2388.627619,8231.417143,0.775083093
Avena barbata,AVEBAR,3,10/25/21,16.1,0.072,0.01535,0.213194444,4.629,301.5635179,0.042,0.109,0.151,0.721854305,2.432,0.044819079,0.6013,855.6436,622.4971,233.1465,2138.958716,5710.982569,0.727519145
Avena barbata,AVEBAR,4,10/25/21,12.1,0.047,0.01087,0.231276596,2.831,260.4415823,0.026,0.059,0.085,0.694117647,1.235,0.047773279,0.431,845.9809,688.0322,157.9487,2677.09661,11661.56271,0.813295194
Avena barbata,AVEBAR,5,11/1/21,19.1,0.103,0.02595,0.251941748,5.529,213.0635838,0.058,lost,NA,NA,2.173,NA,0.5112,1058.4574,828.3852,230.0722,NA,NA,0.782634426
Avena barbata,AVEBAR,6,10/25/21,15.1,0.062,0.01468,0.236774194,3.741,254.8365123,0.025,0.053,0.078,0.679487179,1.045,0.050717703,0.39,874.4264,738.2463,136.1801,2569.435849,13929.17547,0.844263508
Hypochaeris glabra,HYGL,1,10/22/21,0.4,0.004184,0.00029,0.069311663,0.161,555.1724138,0.00216,0.00228,0.00444,0.513513514,1.462,0.001559508,0.9762,195.2941,132.608,62.6861,27493.90351,58161.40351,0.679016929
Hypochaeris glabra,HYGL,2,11/1/21,0.1,0.010073,0.00057,0.056586916,0.287,503.5087719,0.00161,0.00144,0.00305,0.472131148,1.29,0.001116279,0.9416,185.2214,153.957,31.2644,21711.38889,106914.5833,0.83120525
Hypochaeris glabra,HYGL,3,10/25/21,0.4,0.012228,0.00124,0.101406608,0.373,300.8064516,0.00364,0.00316,0.0068,0.464705882,1.002,0.003153693,0.7252,242.5414,190.5689,51.9725,16446.99367,60306.61392,0.785716995
Hypochaeris glabra,HYGL,4,10/22/21,1.2,0.017697,0.00191,0.107927897,0.727,380.6282723,0.016,0.006,0.022,0.272727273,0.83,0.007228916,0.4692,479.7505,430.119,49.6315,8271.916667,71686.5,0.896547268
Hypochaeris glabra,HYGL,5,10/22/21,1.4,0.041662,0.00464,0.111372474,1.639,353.2327586,0.022,0.018,0.04,0.45,0.841,0.021403092,0.3135,1089.3107,986.8008,102.5099,5694.994444,54822.26667,0.905894709
Hypochaeris radicata,HYRA,1,10/25/21,0.5,0.010444,0.00155,0.148410571,0.588,379.3548387,0.00203,0.00353,0.00556,0.634892086,0.844,0.004182464,0.5877,310.8874,255.1958,55.6916,15776.65722,72293.42776,0.820862473
Hypochaeris radicata,HYRA,2,10/25/21,0.8,0.009511,0.00119,0.125118284,0.447,375.6302521,0.00261,0.00414,0.00675,0.613333333,0.807,0.005130112,0.521,378.3291,323.8714,54.4577,13154.03382,78229.80676,0.856057332
Hypochaeris radicata,HYRA,3,10/25/21,1.4,0.005301,0.0008,0.150914922,0.279,348.75,0.00159,0.0267,0.02829,0.943796394,1.023,0.026099707,0.7315,243.2802,189.2008,54.0794,2025.445693,7086.172285,0.777707351
Hypochaeris radicata,HYRA,4,10/25/21,0.9,0.003714,0.00057,0.153473344,0.161,282.4561404,0.00144,0.0268,0.02824,0.949008499,0.856,0.031308411,0.6021,300.6453,246.0318,54.6135,2037.817164,9180.291045,0.818345738
Hypochaeris radicata,HYRA,5,10/22/21,2,0.047,0.00903,0.19212766,1.689,187.0431894,0.027,0.01418,0.04118,0.344341914,1.273,0.011139042,0.5399,555.6731,452.8193,102.8538,7253.441467,31933.66008,0.814902323
Hypochaeris radicata,HYRA,6,10/29/21,1,0.003286,0.00031,0.094339623,0.18,580.6451613,0.00103,0.00131,0.00234,0.55982906,1.804,0.000726164,1.2547,145.8323,85.583,60.2493,45991.83206,65330.53435,0.586859015
Vulpia bromoides,VUBR,1,10/29/21,11.7,0.005088,0.00113,0.222091195,0.364,322.1238938,0.015,0.017,0.032,0.53125,1.095,0.015525114,0.4597,659.0778,559.7024,99.3754,5845.611765,32923.67059,0.849220532
Vulpia bromoides,VUBR,2,10/27/21,14.3,0.003,0.001,0.333333333,0.183,183,0.017,0.021,0.038,0.552631579,0.888,0.023648649,0.3564,888.9595,775.4095,113.55,5407.142857,36924.2619,0.872266397
Vulpia bromoides,VUBR,3,11/1/21,16.7,0.003503,0.00072,0.20553811,0.222,308.3333333,0.019,0.015,0.034,0.441176471,1.347,0.011135857,0.6213,443.795,340.2118,103.5832,6905.546667,22680.78667,0.766596739
Vulpia bromoides,VUBR,4,11/3/21,12.1,0.002758,0.00056,0.203045685,0.107,191.0714286,0.008,0.007,0.015,0.466666667,1.561,0.004484305,0.9164,236.5275,152.9645,83.563,11937.57143,21852.07143,0.646709156
Vulpia bromoides,VUBR,5,10/25/21,13.1,0.005177,0.00126,0.243384199,0.503,399.2063492,0.018,0.026,0.044,0.590909091,1.145,0.022707424,0.4476,727.1298,626.9342,100.1956,3853.676923,24112.85385,0.86220397
Vulpia bromoides,VUBR,6,10/25/21,11.4,0.003727,0.00088,0.236114838,0.342,388.6363636,0.001,0.006,0.007,0.857142857,0.865,0.006936416,0.5744,333.5292,270.0271,63.5021,10583.68333,45004.51667,0.809605576
Anagallis arvensis,ANAR,1,3/21/22,4.3,0.02812,0.0045,0.16002845,1.367,303.7777778,0.06831,0.06,0.12831,0.467617489,1.816,0.033039648,0.4287,1258.2306,1069.1767,189.0539,3150.898333,17819.61167,0.849746223
Anagallis arvensis,ANAR,3,3/21/22,3.7,0.03096,0.004,0.129198966,1.514,378.5,0.0325,0.021,0.0535,0.392523364,1.252,0.016773163,0.4953,649.7308,552.7075,97.0233,4620.157143,26319.40476,0.85067154
Anagallis arvensis,ANAR,4,3/21/22,2.9,0.03723,0.0038,0.102068225,1.763,463.9473684,0.04056,0.02,0.06056,0.330250991,1.304,0.015337423,0.482,714.7504,605.9663,108.7841,5439.205,30298.315,0.847801274
Anagallis arvensis,ANAR,5,3/23/22,4.1,0.02992,0.00536,0.179144385,1.457,271.8283582,0.07564,0.045,0.12064,0.37301061,1.855,0.02425876,0.4049,1440.687,1263.874,176.813,3929.177778,28086.08889,0.877271746
Anagallis arvensis,ANAR,6,3/23/22,3.4,0.03285,0.00515,0.156773212,1.675,325.2427184,0.0907,0.086,0.1767,0.486700623,2.158,0.039851715,0.3846,1857.715,1623.886,233.829,2718.94186,18882.39535,0.874130854
Cerastium glomeratum,CEGL,1,3/14/22,4.7,0.0451,0.00658,0.145898004,1.821,276.7477204,0.1181,0.071,0.1891,0.375462718,2.215,0.032054176,0.5102,1083.637,860.9328,222.7042,3136.678873,12125.81408,0.7944845
Cerastium glomeratum,CEGL,2,3/14/22,4.2,0.0875,0.00827,0.094514286,2.773,335.3083434,0.12539,0.08,0.20539,0.389502897,2.678,0.02987304,0.5335,1197.6814,953.0187,244.6627,3058.28375,11912.73375,0.795719713
Cerastium glomeratum,CEGL,3,3/14/22,4.8,0.03879,0.00589,0.151843259,1.645,279.286927,0.11522,0.102,0.21722,0.469570021,3.695,0.027604871,0.6479,1120.647,829.0325,291.6145,2858.965686,8127.769608,0.739780234
Cerastium glomeratum,CEGL,4,3/14/22,4.1,0.03863,0.00615,0.159202692,1.777,288.9430894,0.10224,0.048,0.15024,0.319488818,1.506,0.03187251,0.4998,767.8332,617.1746,150.6586,3138.720833,12857.80417,0.803787333
Cerastium glomeratum,CEGL,5,3/14/22,4.3,0.05895,0.00692,0.117387617,2.201,318.0635838,0.10543,0.051,0.15643,0.32602442,1.785,0.028571429,0.5201,839.8282,678.1203,161.7079,3170.743137,13296.47647,0.807451214
Cerastium glomeratum,CEGL,6,3/14/22,3.9,0.05547,0.00842,0.151793762,2.765,328.3847981,0.14041,0.077,0.21741,0.354169541,2.704,0.028476331,0.5063,1343.2691,1047.5698,295.6993,3840.250649,13604.8026,0.779865926
Erodium moschatum,ERMO,1,3/11/22,5.4,0.06744,0.00854,0.126631079,3.778,442.3887588,0.02666,0.00771,0.03437,0.224323538,1.221,0.006314496,0.7091,309.1749,236.2501,72.9248,9458.46952,30642.03632,0.764130917
Erodium moschatum,ERMO,2,3/16/22,5.9,0.14561,0.03009,0.206647895,6.489,215.6530409,0.13076,0.082,0.21276,0.385410792,1.849,0.044348296,0.3904,1545.2367,1289.1818,256.0549,3122.620732,15721.72927,0.83429406
Erodium moschatum,ERMO,3,3/21/22,3.8,0.1085,0.02423,0.223317972,5.428,224.0198102,0.12879,0.081,0.20979,0.386100386,1.55,0.052258065,0.3982,1244.6311,1082.6119,162.0192,2000.237037,13365.57901,0.869825525
Erodium moschatum,ERMO,5,3/25/22,4,0.0939,0.02407,0.256336528,4.076,169.3394267,0.13696,0.101,0.23796,0.424441083,2.145,0.047086247,0.4189,1556.1957,1320.4857,235.71,2333.762376,13074.11584,0.848534474
Rumex pulcher,RUPU,1,3/14/22,2.6,0.12902,0.01477,0.114478375,5.798,392.5524712,0.0721,0.219,0.2911,0.752318791,1.833,0.119476268,0.4827,1001.3427,810.3663,190.9764,872.0383562,3700.30274,0.80927968
Rumex pulcher,RUPU,2,3/14/22,1.9,0.14106,0.01554,0.110165887,5.858,376.962677,0.04636,0.062,0.10836,0.572166851,0.982,0.063136456,0.4131,732.4128,591.4029,141.0099,2274.353226,9538.756452,0.807472098
Rumex pulcher,RUPU,3,3/14/22,3,0.15626,0.0118,0.075515167,5.476,464.0677966,0.09435,0.241,0.33535,0.718652154,1.515,0.159075908,0.4096,1149.5403,958.7996,190.7407,791.4551867,3978.421577,0.834072194
Rumex pulcher,RUPU,4,5/4/22,3.3,0.28585,0.03169,0.11086234,10.496,331.2085831,0.1459,0.759,0.9049,0.838766715,2.908,0.261004127,0.6235,952.5147,706.3211,246.1936,324.3657444,930.5943347,0.741533018
Rumex pulcher,RUPU,5,5/4/22,3.2,0.32808,0.03787,0.115429164,11.514,304.0401373,0.169,0.618,0.787,0.785260483,2.681,0.230511003,0.509,1317.2938,1054.3945,262.8993,425.4033981,1706.139968,0.800424704
Rumex pulcher,RUPU,6,5/4/22,1.4,0.04173,0.00478,0.11454589,1.881,393.5146444,0.0109,0.019,0.0299,0.635451505,1.439,0.013203614,0.6564,425.2603,323.8739,101.3864,5336.126316,17045.99474,0.761589784
Trifolium subterraneum,TRSU,1,3/9/22,4.5,0.05939,0.00971,0.163495538,3.194,328.9392379,0.14279,0.056,0.19879,0.281704311,1.822,0.030735456,0.4801,1006.8447,807.0009,199.8438,3568.639286,14410.73036,0.801514772
Trifolium subterraneum,TRSU,2,3/9/22,3.7,0.06352,0.01083,0.170497481,3.785,349.4921514,0.10635,0.047,0.15335,0.306488425,1.947,0.024139702,0.5195,918.6517,718.556,200.0957,4257.355319,15288.42553,0.782185457
Trifolium subterraneum,TRSU,4,3/9/22,2.9,0.09368,0.01711,0.18264304,4.613,269.6084161,0.09065,0.046,0.13665,0.336626418,2.159,0.02130616,0.5782,822.4033,614.9501,207.4532,4509.852174,13368.48043,0.747747608
Trifolium subterraneum,TRSU,5,3/9/22,3.4,0.07682,0.01338,0.174173392,4.377,327.1300448,0.10631,0.047,0.15331,0.306568391,1.889,0.024880889,0.5237,876.8951,670.1465,206.7486,4398.906383,14258.43617,0.764226531
Trifolium subterraneum,TRSU,6,3/9/22,5,0.04791,0.0081,0.169067001,3.286,405.6790123,0.15832,0.061,0.21932,0.278132409,2.07,0.029468599,0.4836,1126.7316,884.4959,242.2357,3971.077049,14499.93279,0.78501029
Vicia sativa ,VISA,1,3/9/22,28.5,0.04284,0.00704,0.1643324,3.556,505.1136364,0.17147,0.048,0.21947,0.218708707,1.923,0.024960998,0.6175,642.2337,457.2354,184.9983,3854.13125,9525.7375,0.711945511
Vicia sativa ,VISA,2,3/9/22,38,0.12684,0.02102,0.165720593,8.879,422.4072312,0.76902,0.13,0.89902,0.1446019,3.427,0.037934053,0.5963,1227.1874,861.079,366.1084,2816.218462,6623.684615,0.70166871
Vicia sativa ,VISA,3,3/9/22,40.5,0.08668,0.0166,0.191508999,6.579,396.3253012,0.55395,0.121,0.67495,0.179272539,3.137,0.038571884,0.6244,1024.3348,702.7649,321.5699,2657.602479,5807.97438,0.686069535
Vicia sativa ,VISA,4,3/9/22,31,0.09185,0.01243,0.135329341,7.735,622.2847949,0.46209,0.085,0.54709,0.15536749,2.978,0.028542646,0.7014,770.838,509.8298,261.0082,3070.684706,5997.997647,0.661396817
Vicia sativa ,VISA,5,3/9/22,18.5,0.02787,0.00643,0.230714029,2.072,322.2395023,0.16809,0.051,0.21909,0.232781049,2.325,0.021935484,0.6379,727.2863,531.8097,195.4766,3832.87451,10427.64118,0.731224691
Vicia sativa ,VISA,6,3/9/22,29.4,0.0705,0.01318,0.186950355,5.551,421.168437,0.28346,0.066,0.34946,0.188862817,2.048,0.032226563,0.5226,954.6922,732.3714,222.3208,3368.49697,11096.53636,0.767128295
Briza minor,BRMI,2,11/3/21,5.8,0.20757,0.00343,0.016524546,1.915,558.3090379,0.02771,0.024,0.05171,0.464126861,1.497,0.016032064,0.5996,530.2575,414.3918,115.8657,4827.7375,17266.325,0.781491634
Briza minor,BRMI,3,11/1/21,4.4,0.14468,0.00202,0.013961847,1.258,622.7722772,0.00693,0.00537,0.0123,0.436585366,1.051,0.00510942,0.7041,269.8449,181.6081,88.2368,16431.43389,33819.01304,0.673009199
Briza minor,BRMI,4,11/15/21,5.1,0.15389,0.00202,0.013126259,1.072,530.6930693,0.01228,0.009,0.02128,0.422932331,1.524,0.005905512,0.7043,391.2887,297.5366,93.7521,10416.9,33059.62222,0.760401719
Briza minor,BRMI,5,11/3/21,4.1,0.1576,0.00233,0.014784264,1.324,568.2403433,0.01311,0.012,0.02511,0.477897252,1.842,0.006514658,1.0013,233.888,126.1945,107.6935,8974.458333,10516.20833,0.539550982
Carduus pycnocephalus,CAPY,1,10/22/21,1,0.29414,0.004,0.013598966,0.668,167,0.02,0.14,0.16,0.875,1.426,0.098176718,0.8176,271.5741,161.6002,109.9739,785.5278571,1154.287143,0.595050117
Carduus pycnocephalus,CAPY,2,10/22/21,1.5,0.36856,0.0032,0.00868244,0.925,289.0625,0.01188,0.012,0.02388,0.502512563,1.268,0.009463722,0.6826,346.4429,242.8229,103.62,8635,20235.24167,0.700903093
Carduus pycnocephalus,CAPY,3,10/22/21,0.7,0.11408,0.00141,0.012359748,0.357,253.1914894,0.016,0.01,0.026,0.384615385,1.18,0.008474576,0.6976,308.6846,213.7367,94.9479,9494.79,21373.67,0.692411283
Carduus pycnocephalus,CAPY,4,10/22/21,0.4,0.22934,0.0023,0.010028778,0.625,271.7391304,0.0098,0.006,0.0158,0.379746835,1.151,0.005212858,0.7202,282.5671,188.4329,94.1342,15689.03333,31405.48333,0.666860721
Carduus pycnocephalus,CAPY,5,10/22/21,0.2,0.13918,0.00182,0.013076591,0.315,173.0769231,0.017,0.00386,0.02086,0.185043145,1.407,0.002743426,1.0671,157.3761,82.9091,74.467,19291.96891,21479.04145,0.526821417
Carduus pycnocephalus,CAPY,6,10/22/21,1.2,0.42378,0.00635,0.01498419,1.281,201.7322835,0.02,0.02,0.04,0.5,1.293,0.015467904,0.6086,444.587,325.5602,119.0268,5951.34,16278.01,0.732275573
Filago gallica,FIGA,2,10/22/21,1.8,0.919,0.0001,0.000108814,0.087,870,0.0015,0.00105,0.00255,0.411764706,1.379,0.000761421,1.0696,153.4559,75.1692,78.2867,74558.7619,71589.71429,0.489842359
Filago gallica,FIGA,4,10/22/21,2.4,1.883,0.00027,0.000143388,0.158,585.1851852,0.00366,0.00166,0.00532,0.312030075,1.28,0.001296875,1.0118,159.2091,74.7098,84.4993,50903.19277,45005.90361,0.46925584
Filago gallica,FIGA,5,10/25/21,1.3,0.432,0.00001,2.31481E-05,0.028,2800,0.00141,0.00115,0.00256,0.44921875,0.961,0.00119667,0.8125,185.4006,112.908,72.4926,63037.04348,98180.86957,0.608994793
Trifolium dubium,TRDU,1,3/16/22,3.3,0.02098,0.00517,0.246425167,1.674,323.7911025,0.025,0.019,0.044,0.431818182,1.093,0.017383349,0.4805,602.9403,496.4348,106.5055,5605.552632,26128.14737,0.823356475
Trifolium dubium,TRDU,2,3/18/22,1.8,0.00953,0.00153,0.160545645,0.764,499.3464052,0.00357,0.002,0.00557,0.359066427,1.611,0.001241465,0.9974,206.2242,124.7139,81.5103,40755.15,62356.95,0.604749103
Trifolium dubium,TRDU,3,3/23/22,2.7,0.0142,0.00389,0.273943662,1.073,275.8354756,0.016,0.013,0.029,0.448275862,1.191,0.010915197,0.5508,500.0826,424.4894,75.5932,5814.861538,32653.03077,0.848838572
Trifolium dubium,TRDU,4,3/23/22,2.6,0.02138,0.00623,0.291393826,1.522,244.3017657,0.041,0.028,0.069,0.405797101,1.612,0.017369727,0.5093,791.3105,686.1544,105.1561,3755.575,24505.51429,0.867111456
Trifolium dubium,TRDU,5,3/23/22,2.8,0.01473,0.00406,0.27562797,1.26,310.3448276,0.034,0.025,0.059,0.423728814,1.432,0.017458101,0.4633,849.1498,730.9473,118.2025,4728.1,29237.892,0.860799002
Trifolium dubium,TRDU,6,3/23/22,2.3,0.01819,0.00421,0.231445849,1.612,382.8978622,0.028,0.022,0.05,0.44,1.289,0.017067494,0.4631,765.3198,652.3091,113.0107,5136.85,29650.41364,0.852335324
Trifolium glomeratum,TRGL,1,3/16/22,2.5,0.03367,0.00793,0.235521236,1.847,232.9129887,0.03,0.026,0.056,0.464285714,1.428,0.018207283,0.4701,822.7749,690.3586,132.4163,5092.934615,26552.25385,0.839061328
Trifolium glomeratum,TRGL,2,3/16/22,3.3,0.04177,0.00986,0.236054585,2.313,234.5841785,0.0312,0.021,0.0522,0.402298851,1.202,0.017470882,0.4085,917.1078,801.9868,115.121,5481.952381,38189.84762,0.874473862
Trifolium glomeratum,TRGL,3,3/16/22,2.6,0.04001,0.0096,0.239940015,2.249,234.2708333,0.03792,0.022,0.05992,0.367156208,1.384,0.015895954,0.4307,950.0575,836.4332,113.6243,5164.740909,38019.69091,0.880402712
Trifolium glomeratum,TRGL,4,3/16/22,3.3,0.04872,0.01124,0.230706076,2.441,217.1708185,0.05553,0.021,0.07653,0.274402195,1.168,0.017979452,0.405,906.3649,805.183,101.1819,4818.185714,38342.04762,0.888365161
Trifolium glomeratum,TRGL,5,3/16/22,2.5,0.05111,0.01322,0.258657797,2.579,195.0832073,0.07475,0.027,0.10175,0.265356265,1.293,0.020881671,0.4332,877.2657,759.987,117.2787,4343.655556,28147.66667,0.866313364
Trifolium glomeratum,TRGL,6,3/16/22,2.6,0.04876,0.01191,0.244257588,3.041,255.3316541,0.0551,0.02,0.0751,0.266311585,1.155,0.017316017,0.4852,624.8233,520.4192,104.4041,5220.205,26020.96,0.832906199
Aira caryophyllea,AICA,1,10/25/21,3.4,0.002736,0.00048,0.175438596,0.099,206.25,0.0021,0.0015,0.0036,0.416666667,1.178,0.001273345,0.934,171.9018,94.7882,77.1136,51409.06667,63192.13333,0.551409002
Aira caryophyllea,AICA,2,11/3/21,4.9,0.0035,0.00045,0.128571429,0.157,348.8888889,0.00157,0.00075,0.00232,0.323275862,1.432,0.000523743,1.0836,155.26,60.3619,94.8981,126530.8,80482.53333,0.388779467
Aira caryophyllea,AICA,3,10/29/21,5,0.002919,0.0004,0.137033231,0.129,322.5,0.00411,0.00276,0.00687,0.401746725,1.274,0.002166405,0.9464,181.1108,105.8423,75.2685,27271.19565,38348.65942,0.584406341
Aira caryophyllea,AICA,4,11/5/21,5.2,0.002877,0.00047,0.163364616,0.123,261.7021277,0.00148,0.0008,0.00228,0.350877193,1.304,0.000613497,1.1006,136.9983,88.7125,48.2858,60357.25,110890.625,0.647544532
Aira caryophyllea,AICA,5,11/17/21,4.9,0.00258,0.00036,0.139534884,0.114,316.6666667,0.003,0.00771,0.01071,0.719887955,1.72,0.004482558,1.0781,188.1798,116.4014,71.7784,9309.779507,15097.45785,0.618564798
Aira caryophyllea,AICA,6,11/19/21,4.9,0.002828,0.00075,0.265205092,0.121,161.3333333,0.00153,0.00173,0.00326,0.530674847,2.141,0.000808034,1.2991,161.4344,93.8313,67.6031,39076.93642,54237.74566,0.581234855
Briza minor,BRMI,2,11/3/21,5.8,0.020757,0.00343,0.165245459,1.844,537.6093294,0.02771,0.024,0.05171,0.464126861,1.497,0.016032064,0.5996,530.0561,414.3918,115.6643,4819.345833,17266.325,0.781788569
Briza minor,BRMI,3,11/1/21,4.4,0.014468,0.00202,0.139618468,1.258,622.7722772,0.00693,0.00537,0.0123,0.436585366,1.051,0.00510942,0.7041,269.6586,181.6081,88.0505,16396.74115,33819.01304,0.673474163
Briza minor,BRMI,4,11/15/21,5.1,0.015389,0.00222,0.144258886,1.175,529.2792793,0.01228,0.009,0.02128,0.422932331,1.524,0.005905512,0.7043,390.7908,297.5366,93.2542,10361.57778,33059.62222,0.761370534
Briza minor,BRMI,5,11/3/21,4.1,0.01576,0.00233,0.14784264,1.26,540.7725322,0.01311,0.012,0.02511,0.477897252,1.842,0.006514658,1.0013,233.7054,126.1945,107.5109,8959.241667,10516.20833,0.539972547
Bromus diandrus,BRDR,1,10/25/21,18.4,0.09,0.01411,0.156777778,5.173,366.6194189,0.05343,0.14256,0.19599,0.72738405,3.836,0.037163712,1.0772,420.7277,283.0753,137.6524,965.5751964,1985.657267,0.672823063
Bromus diandrus,BRDR,2,10/25/21,13.1,0.058,0.00887,0.152931034,3.834,432.2435175,0.023,0.07473,0.09773,0.76465773,2.079,0.035945166,0.8636,354.769,247.477,107.292,1435.728623,3311.615148,0.697572223
Bromus diandrus,BRDR,3,10/25/21,20.9,0.145,0.02337,0.161172414,8.496,363.5430039,0.09387,0.23889,0.33276,0.717904796,5.812,0.041102891,1.1022,608.663,393.1473,215.5157,902.1545481,1645.725229,0.645919499
Bromus diandrus,BRDR,4,10/25/21,15.3,0.113,0.01821,0.161150442,6.554,359.9121362,0.108,0.22223,0.33023,0.672955213,4.522,0.049144184,0.952,634.8038,476.9182,157.8856,710.4603339,2146.056788,0.751284413
Bromus diandrus,BRDR,5,10/25/21,12.2,0.049,0.00719,0.146734694,3.219,447.705146,0.017,0.047,0.064,0.734375,1.462,0.032147743,0.602,513.2178,382.3717,130.8461,2783.959574,8135.568085,0.745047619
Bromus diandrus,BRDR,6,10/25/21,19,0.091,0.01448,0.159120879,5.51,380.5248619,0.045,0.137,0.182,0.752747253,2.605,0.052591171,0.6227,854.9225,664.7315,190.191,1388.255474,4852.054745,0.777534221
Bromus hordeaceus,BRHO,1,10/25/21,13.3,0.037,0.00603,0.162972973,2.56,424.5439469,0.019,0.026,0.045,0.577777778,1.63,0.01595092,0.8075,318.1305,208.044,110.0865,4234.096154,8001.692308,0.653958046
Bromus hordeaceus,BRHO,2,10/29/21,9,0.008595,0.00155,0.180337405,0.648,418.0645161,0.00635,0.00986,0.01621,0.608266502,0.942,0.010467091,0.6066,325.8289,234.8876,90.9413,9223.255578,23822.27181,0.720892468
Bromus hordeaceus,BRHO,3,10/29/21,3.9,0.003145,0.00062,0.197138315,0.224,361.2903226,0.00176,0.00491,0.00667,0.736131934,0.95,0.005168421,0.6944,250.7707,169.6743,81.0964,16516.57841,34556.88391,0.676611343
Bromus hordeaceus,BRHO,4,10/29/21,10.5,0.006075,0.00105,0.172839506,0.485,461.9047619,0.00665,0.0089,0.01555,0.572347267,1.513,0.005882353,0.7614,331.9093,242.3448,89.5645,10063.42697,27229.75281,0.73015369
Bromus hordeaceus,BRHO,5,10/25/21,16,0.061,0.00985,0.16147541,4.113,417.5634518,0.03292,0.058,0.09092,0.637923449,2.459,0.023586824,1.0761,270.3249,165.0193,105.3056,1815.613793,2845.160345,0.61044802
Bromus hordeaceus,BRHO,6,10/27/21,10.2,0.017,0.00249,0.146470588,1.204,483.5341365,0.00891,0.01225,0.02116,0.578922495,0.864,0.014178241,0.5067,428.2804,341.0056,87.2748,7124.473469,27837.19184,0.79622042
Bromus madritensis,BRMA,1,10/25/21,18.2,0.072,0.0112,0.155555556,5.061,451.875,0.04031,0.093,0.13331,0.697622084,2.26,0.041150442,0.6781,625.3913,452.0327,173.3586,1864.070968,4860.566667,0.72279979
Bromus madritensis,BRMA,2,10/22/21,6.8,0.011558,0.00226,0.19553556,0.819,362.3893805,0.00517,0.01319,0.01836,0.718409586,1.162,0.011351119,0.6546,345.0184,249.0178,96.0006,7278.286581,18879.28734,0.721752231
Bromus madritensis,BRMA,3,10/25/21,7.5,0.010069,0.00195,0.19366372,0.911,467.1794872,0.00426,0.01314,0.0174,0.755172414,1.226,0.010717781,0.6294,393.5939,311.1602,82.4337,6273.493151,23680.38052,0.790561541
Bromus madritensis,BRMA,5,10/25/21,11.6,0.019,0.00371,0.195263158,1.566,422.1024259,0.01221,0.02674,0.03895,0.686521181,0.932,0.028690987,0.3838,804.7986,681.5793,123.2193,4608.051608,25489.12865,0.846894242
Bromus madritensis,BRMA,6,10/25/21,9.5,0.024,0.00433,0.180416667,1.898,438.3371824,0.01124,0.03222,0.04346,0.741371376,1.395,0.023096774,0.6116,474.4893,354.6703,119.819,3718.777157,11007.76847,0.747477973
Carduus pycnocephalus,CAPY,1,10/22/21,1,0.029414,0.004,0.135989665,0.691,172.75,0.02,0.014,0.034,0.411764706,1.426,0.009817672,0.8176,271.5738,161.6002,109.9736,7855.257143,11542.87143,0.595050774
Carduus pycnocephalus,CAPY,2,10/22/21,1.5,0.036856,0.0032,0.086824398,0.888,277.5,0.01188,0.012,0.02388,0.502512563,1.268,0.009463722,0.6826,346.3766,242.8229,103.5537,8629.475,20235.24167,0.701037253
Carduus pycnocephalus,CAPY,3,10/22/21,0.7,0.011408,0.00141,0.123597475,0.263,186.5248227,0.016,0.01,0.026,0.384615385,1.18,0.008474576,0.6976,308.6754,213.7367,94.9387,9493.87,21373.67,0.69243192
Carduus pycnocephalus,CAPY,4,10/22/21,0.4,0.022934,0.0023,0.100287782,0.566,246.0869565,0.0098,0.006,0.0158,0.379746835,1.151,0.005212858,0.7202,282.5668,188.4329,94.1339,15688.98333,31405.48333,0.666861429
Carduus pycnocephalus,CAPY,5,10/22/21,0.2,0.013918,0.00182,0.130765915,0.29,159.3406593,0.017,0.00386,0.02086,0.185043145,1.407,0.002743426,1.0671,157.3761,82.9091,74.467,19291.96891,21479.04145,0.526821417
Carduus pycnocephalus,CAPY,6,10/22/21,1.2,0.042378,0.00635,0.149841899,1.252,197.1653543,0.02,0.02,0.04,0.5,1.293,0.015467904,0.6086,444.5866,325.5602,119.0264,5951.32,16278.01,0.732276231
Cynodon dactylon,CYDA,1,11/22/21,9.4,0.04,0.00541,0.13525,2.84,524.9537893,0.01218,0.02,0.03218,0.62150404,2.211,0.009045681,0.9525,310.2269,189.5861,120.6408,6032.04,9479.305,0.611120764
Cynodon dactylon,CYDA,2,11/17/21,8.5,0.027,0.00384,0.142222222,2.075,540.3645833,0.0091,0.017,0.0261,0.651340996,1.176,0.014455782,0.4878,628.7646,530.2005,98.5641,5797.888235,31188.26471,0.843241652
Cynodon dactylon,CYDA,3,11/5/21,12.7,0.055,0.00704,0.128,3.968,563.6363636,0.019,0.0396,0.0586,0.675767918,1.55,0.025548387,0.5029,779.4428,642.7813,136.6615,3451.04798,16231.85101,0.824667699
Cynodon dactylon,CYDA,4,11/24/21,9.3,0.033,0.0046,0.139393939,2.472,537.3913043,0.00851,0.01276,0.02127,0.599905971,1.275,0.010007843,0.6817,349.0316,235.5299,113.5017,8895.117555,18458.45611,0.674809673
Cynodon dactylon,CYDA,5,11/24/21,7.9,0.023,0.0029,0.126086957,1.766,608.9655172,0.00457,0.00865,0.01322,0.654311649,1.214,0.007125206,0.7828,252.2371,150.8182,101.4189,11724.72832,17435.63006,0.597922352
Cynodon dactylon,CYDA,6,11/10/21,8.8,0.021016,0.00285,0.135610963,1.784,625.9649123,0.00721,0.0082,0.01541,0.532121999,1.013,0.008094768,0.6179,337.2536,280.6436,56.61,6903.658537,34224.82927,0.832144119
Dichelostemma capitatum,DICA,1,10/29/21,1.9,0.029253,0.00271,0.092640071,0.914,337.2693727,0.015,0.00473,0.01973,0.239736442,0.958,0.00493737,0.7197,235.4814,154.8926,80.5888,17037.80127,32746.84989,0.657769998
Dichelostemma capitatum,DICA,2,10/22/21,2.5,0.030486,0.00437,0.143344486,1.01,231.1212815,0.02,0.00945,0.02945,0.320882852,1.197,0.007894737,0.7133,299.3413,207.8372,91.5041,9682.973545,21993.3545,0.694315151
Dichelostemma capitatum,DICA,3,10/25/21,3.8,0.073574,0.01097,0.149101585,2.198,200.3646308,0.073,0.034,0.107,0.317757009,1.348,0.025222552,0.5782,512.9524,370.8679,142.0845,4178.955882,10907.87941,0.723006462
Dichelostemma capitatum,DICA,4,10/22/21,2.2,0.023201,0.00315,0.13577001,0.834,264.7619048,0.017,0.01668,0.03368,0.495249406,1.902,0.008769716,0.9966,243.7135,128.2243,115.4892,6923.81295,7687.308153,0.526127194
Dichelostemma capitatum,DICA,5,10/25/21,1.4,0.023195,0.00357,0.153912481,0.749,209.8039216,0.018,0.006,0.024,0.25,1.092,0.005494505,0.7651,237.4708,148.6411,88.8297,14804.95,24773.51667,0.62593422
Leontodon uknown,Leontodon,1,10/22/21,2.2,0.049886,0.00571,0.114460971,1.459,255.5166375,0.037,0.018,0.055,0.327272727,1.062,0.016949153,0.4528,659.2699,551.6156,107.6543,5980.794444,30645.31111,0.836706787
Leontodon uknown,Leontodon,2,10/22/21,1.5,0.055074,0.00652,0.118386171,1.77,271.4723926,0.041,0.023,0.064,0.359375,1.469,0.015656909,0.6093,503.6634,379.24,124.4234,5409.713043,16488.69565,0.752963189
Leontodon uknown,Leontodon,3,10/22/21,0.9,0.038399,0.00454,0.118232246,1.158,255.0660793,0.028,0.01828,0.04628,0.394987035,1.142,0.016007005,0.5574,467.9694,356.0719,111.8975,6121.30744,19478.76915,0.760887143
Leontodon uknown,Leontodon,4,10/22/21,0.5,0.010438,0.00106,0.101552021,0.452,426.4150943,0.00481,0.00338,0.00819,0.412698413,1.096,0.003083942,0.785,226.3417,148.0938,78.2479,23150.26627,43814.73373,0.654293045
Leontodon uknown,Leontodon,5,10/22/21,1.4,0.034381,0.00396,0.115179896,1.186,299.4949495,0.035,0.024,0.059,0.406779661,1.905,0.012598425,0.8161,364.1373,227.1614,136.9759,5707.329167,9465.058333,0.623834471
Leontodon uknown,Leontodon,6,10/22/21,1.3,0.026151,0.00333,0.127337387,0.946,284.0840841,0.028,0.0207,0.0487,0.425051335,1.055,0.019620853,0.4199,761.2699,641.1512,120.1187,5802.835749,30973.48792,0.842212729
Linum bienne,LIBI,1,10/25/21,5.4,0.000909,0.00024,0.264026403,0.057,237.5,0.01,0.0098,0.0198,0.494949495,0.967,0.010134436,0.6715,273.0356,200.2863,72.7493,7423.397959,20437.37755,0.733553793
Linum bienne,LIBI,2,10/25/21,6.4,0.001951,0.00058,0.297283444,0.108,186.2068966,0.01696,0.01429,0.03125,0.45728,1.173,0.012182438,0.6611,341.6958,239.3224,102.3734,7163.988803,16747.54374,0.700396083
Linum bienne,LIBI,4,10/25/21,4,0.001191,0.00038,0.319059614,0.074,194.7368421,0.00662,0.00655,0.01317,0.497342445,1.197,0.005472013,0.7893,244.5289,165.4169,79.112,12078.16794,25254.48855,0.676471779
Linum bienne,LIBI,5,10/25/21,2.7,0.000835,0.00027,0.323353293,0.048,177.7777778,0.00397,0.00486,0.00883,0.550396376,1.247,0.003897354,0.8493,220.0691,141.0924,78.9767,16250.34979,29031.35802,0.641127719
Linum bienne,LIBI,6,10/25/21,2.9,0.000305,0.00006,0.196721311,0.02,333.3333333,0.0035,0.00277,0.00627,0.441786284,1.525,0.001816393,1.0789,166.798,83.149,83.649,30198.19495,30017.68953,0.498501181
Stipa pulchra,STPU,1,10/25/21,7.3,0.011157,0.00407,0.364793403,0.655,160.9336609,0.00479,0.0204,0.02519,0.809845177,0.896,0.022767857,0.5287,408.0797,319.5007,88.579,4342.107843,15661.79902,0.78293701
Stipa pulchra,STPU,2,10/25/21,14.8,0.03,0.0091,0.303333333,1.757,193.0769231,0.01871,0.05416,0.07287,0.743241389,1.176,0.046054422,0.4644,693.954,553.478,140.476,2593.722304,10219.31315,0.797571597
Stipa pulchra,STPU,3,10/25/21,6.6,0.008639,0.00303,0.350735039,0.551,181.8481848,0.0052,0.01817,0.02337,0.777492512,0.895,0.020301676,0.5455,382.6103,296.7372,85.8731,4726.09246,16331.16125,0.775559884
Stipa pulchra,STPU,4,10/25/21,13.4,0.017,0.00472,0.277647059,0.95,201.2711864,0.01585,0.035,0.05085,0.688298918,0.932,0.037553648,0.3948,760.8286,642.1544,118.6742,3390.691429,18347.26857,0.844019796
Stipa pulchra,STPU,5,10/25/21,12.5,0.025,0.00764,0.3056,1.465,191.7539267,0.01548,0.038,0.05348,0.710545999,1.239,0.030669895,0.5544,512.8893,371.9745,140.9148,3708.284211,9788.802632,0.725252993
Stipa pulchra,STPU,6,10/25/21,19,0.039,0.0097,0.248717949,2.413,248.7628866,0.0331,0.06,0.0931,0.644468314,1.767,0.033955857,0.7822,367.6422,243.2336,124.4086,2073.476667,4053.893333,0.661604136
Avena fatua,AVFA,1,11/5/21,22.5,0.117,0.02585,0.220940171,7.019,271.5280464,0.075,0.1234,0.1984,0.621975806,2.276,0.054217926,0.5081,1122.37,841.7234,280.6466,2274.28363,6821.097245,0.749951798
Avena fatua,AVFA,2,11/3/21,26.5,0.198,0.0307,0.155050505,11.264,366.9055375,0.094,0.199,0.293,0.679180887,4.37,0.045537757,0.8664,740.7782,507.0102,233.768,1174.713568,2547.78995,0.684429158
Avena fatua,AVFA,3,11/3/21,23.3,0.107,0.01988,0.185794393,6.879,346.0261569,0.054,0.14467,0.19867,0.72819248,2.339,0.061851218,0.5369,1032.762,771.5571,261.2049,1805.522223,5333.221124,0.747081225
Avena fatua,AVFA,4,11/3/21,24.1,0.115,0.0178,0.154782609,7.556,424.494382,0.051,0.136,0.187,0.727272727,3.048,0.044619423,0.7085,772.816,543.8013,229.0147,1683.931618,3998.538971,0.703662062
Avena fatua,AVFA,5,11/3/21,25.1,0.075,0.01084,0.144533333,4.125,380.5350554,0.065,0.261,0.326,0.800613497,3.914,0.0666837,0.7425,903.6265,646.0545,257.572,986.8659004,2475.304598,0.714957452
Avena fatua,AVFA,6,11/3/21,19.3,0.051,0.01017,0.199411765,3.239,318.4857424,0.051,0.077,0.128,0.6015625,1.666,0.046218487,0.4762,935.1911,764.8665,170.3246,2212.007792,9933.331169,0.817871877
Bromus carinatus,BRCA,1,11/1/21,16.5,0.024,0.0039,0.1625,1.408,361.025641,0.015,0.03193,0.04693,0.680375027,1.068,0.029897004,0.4507,668.565,540.2237,128.3413,4019.45819,16919.00094,0.808034671
Bromus carinatus,BRCA,2,11/1/21,30,0.095,0.01861,0.195894737,6.178,331.972058,0.048,0.089,0.137,0.649635036,2.045,0.043520782,0.5532,850.1294,628.1026,222.0268,2494.683146,7057.332584,0.738831759
Bromus carinatus,BRCA,3,11/1/21,23.8,0.073,0.01454,0.199178082,4.563,313.823934,0.03,0.04955,0.07955,0.622878693,1.171,0.042314261,0.3603,1147.6831,1019.1102,128.5729,2594.811302,20567.30979,0.887971775
Bromus carinatus,BRCA,4,11/1/21,23.3,0.045,0.00829,0.184222222,3.456,416.8878166,0.022,0.03155,0.05355,0.589169001,0.667,0.047301349,0.2949,975.3991,894.2696,81.1295,2571.458003,28344.51981,0.916824303
Bromus carinatus,BRCA,5,11/1/21,16.5,0.027,0.00558,0.206666667,1.864,334.0501792,0.008,0.01528,0.02328,0.656357388,0.85,0.017976471,0.4649,500.2736,440.2031,60.0705,3931.315445,28809.1034,0.879924705
Bromus carinatus,BRCA,6,11/1/21,22.8,0.047,0.01054,0.224255319,2.57,243.8330171,0.023,0.022,0.045,0.488888889,1.351,0.016284234,0.6405,419.1869,322.6458,96.5411,4388.231818,14665.71818,0.769694377
Eschscholzia californica,ESCA,1,11/1/21,3.8,0.008036,0.00114,0.141861623,0.471,413.1578947,0.008,0.00237,0.01037,0.228543877,1.105,0.002144796,0.9245,164.5247,89.5112,75.0135,31651.26582,37768.43882,0.544059342
Eschscholzia californica,ESCA,2,11/3/21,5.7,0.010103,0.00185,0.183113927,0.586,316.7567568,0.025,0.01045,0.03545,0.294781382,1.356,0.00770649,0.7003,351.8959,241.166,110.7299,10596.16268,23078.08612,0.685333361
Eschscholzia californica,ESCA,4,11/5/21,2.7,0.005659,0.00117,0.206750309,0.325,277.7777778,0.00852,0.005,0.01352,0.369822485,1.329,0.003762227,0.8213,250.7534,160.5143,90.2391,18047.82,32102.86,0.64012811
Eschscholzia californica,ESCA,6,11/1/21,4.3,0.01056,0.00149,0.141098485,0.736,493.9597315,0.012,0.00627,0.01827,0.34318555,1.013,0.006189536,0.6211,334.0189,284.3442,49.6747,7922.599681,45349.95215,0.851281769
Festuca microstachys,FEMI,1,11/1/21,16.3,0.010799,0.00213,0.197240485,0.624,292.9577465,0.012,0.029,0.041,0.707317073,1.57,0.018471338,0.6546,466.318,315.582,150.736,5197.793103,10882.13793,0.676752774
Festuca microstachys,FEMI,2,11/1/21,12.9,0.018242,0.00413,0.226400614,0.855,207.0217918,0.03348,0.009,0.04248,0.211864407,2.044,0.004403131,1.0527,234.717,132.4226,102.2944,11366.04444,14713.62222,0.564179842
Festuca microstachys,FEMI,3,11/1/21,17.4,0.007912,0.00243,0.307128413,0.528,217.2839506,0.053,0.037,0.09,0.411111111,1.739,0.021276596,0.6135,587.8475,425.5893,162.2582,4385.356757,11502.41351,0.723979093
Festuca microstachys,FEMI,4,11/1/21,12.6,0.005233,0.00133,0.254156316,0.35,263.1578947,0.022,0.01333,0.03533,0.377299745,1.53,0.008712418,0.696,401.8661,340.0278,61.8383,4639.032258,25508.46212,0.846122129
Festuca microstachys,FEMI,5,11/1/21,10.1,0.002333,0.00097,0.415773682,0.291,300,0.00557,0.0076,0.01317,0.577069096,0.451,0.016851441,0.3812,394.7718,354.3439,40.4279,5319.460526,46624.19737,0.897591723
Festuca microstachys,FEMI,6,11/3/21,12.3,0.012193,0.00254,0.208316247,0.714,281.1023622,0.014,0.01824,0.03224,0.565756824,1.744,0.010458716,0.8238,327.1455,192.5114,134.6341,7381.255482,10554.35307,0.588458041
Festuca myuros,FEMY,1,11/3/21,12.1,0.003672,0.00082,0.223311547,0.406,495.1219512,0.035,0.032,0.067,0.47761194,1.424,0.02247191,0.5739,549.7643,414.6386,135.1257,4222.678125,12957.45625,0.754211578
Festuca myuros,FEMY,2,11/3/21,14.6,0.006806,0.00113,0.166029974,0.427,377.8761062,0.059,0.061,0.12,0.508333333,2.447,0.024928484,0.7475,557.3573,379.0416,178.3157,2923.208197,6213.796721,0.68006932
Festuca myuros,FEMY,3,11/3/21,8.6,0.007434,0.00143,0.19235943,0.275,192.3076923,0.024,0.019,0.043,0.441860465,1.113,0.017070979,0.5409,484.3769,377.48,106.8969,5626.152632,19867.36842,0.779310491
Festuca myuros,FEMY,4,11/1/21,13.2,0.009034,0.00154,0.170467124,0.567,368.1818182,0.019,0.0482,0.0672,0.717261905,1.498,0.032176235,0.6958,393.5872,266.8957,126.6915,2628.454357,5537.255187,0.678110721
Festuca myuros,FEMY,5,11/1/21,9.4,0.007405,0.00141,0.190411884,0.363,257.4468085,0.014,0.018,0.032,0.5625,1.346,0.013372957,0.6686,383.2315,256.4567,126.7748,7043.044444,14247.59444,0.669195251
Festuca myuros,FEMY,6,11/1/21,12,0.007051,0.00132,0.187207488,0.408,309.0909091,0.033,0.034,0.067,0.507462687,2.599,0.013081955,0.9959,333.5754,214.5606,119.0148,3500.435294,6310.605882,0.643214697
Lasthenia californica,LACA,1,11/1/21,4.9,0.011434,0.00137,0.119818086,0.434,316.7883212,0.022,0.01197,0.03397,0.352369738,0.992,0.012066532,0.4875,531.1347,463.2143,67.9204,5674.218881,38697.93651,0.872122081
Lasthenia californica,LACA,2,11/1/21,4.3,0.0161,0.00147,0.091304348,0.336,228.5714286,0.013,0.00341,0.01641,0.207800122,0.981,0.003476045,0.6763,272.8158,188.3201,84.4957,24778.79765,55225.83578,0.690282967
Lasthenia californica,LACA,3,11/1/21,5.6,0.014359,0.00138,0.096106971,0.334,242.0289855,0.014,0.011,0.025,0.44,1.392,0.007902299,0.7494,315.544,206.278,109.266,9933.272727,18752.54545,0.653721826
Lasthenia californica,LACA,4,11/1/21,3.7,0.011692,0.0009,0.07697571,0.189,210,0.006,0.00445,0.01045,0.425837321,1.06,0.004198113,0.6242,346.4041,294.3381,52.066,11700.22472,66143.39326,0.849695774
Lasthenia californica,LACA,5,11/1/21,4.4,0.008257,0.00093,0.112631706,0.249,267.7419355,0.005,0.00842,0.01342,0.627421759,1.364,0.006173021,0.8561,236.9644,141.0319,95.9325,11393.40855,16749.63183,0.595160708
Lasthenia californica,LACA,6,11/1/21,4.6,0.008951,0.00127,0.141883588,0.238,187.4015748,0.017,0.00397,0.02097,0.189318073,0.761,0.00521682,0.5194,359.1222,315.4765,43.6457,10993.87909,79465.11335,0.878465603
Taeniatherum caput-medusae,TACA,1,11/1/21,19.1,0.013876,0.00392,0.282502162,1.096,279.5918367,0.028,0.04202,0.07002,0.600114253,1.083,0.038799631,0.3702,1005.8276,860.9011,144.9265,3448.988577,20487.8891,0.85591318
Taeniatherum caput-medusae,TACA,2,11/3/21,18.6,0.010259,0.00174,0.169607174,0.823,472.9885057,0.037,0.03018,0.06718,0.449240845,1.037,0.029103182,0.4531,642.8207,516.6211,126.1996,4181.56395,17117.99536,0.803678382
Taeniatherum caput-medusae,TACA,3,11/3/21,18.9,0.013782,0.00404,0.293135974,1.232,304.950495,0.01863,0.02396,0.04259,0.562573374,1.022,0.023444227,0.4296,704.4306,639.122,65.3086,2725.734558,26674.5409,0.907288809
Taeniatherum caput-medusae,TACA,4,11/3/21,18,0.01409,0.0042,0.298083747,1.272,302.8571429,0.01892,0.0303,0.04922,0.615603413,0.985,0.030761421,0.3979,791.6289,723.9731,67.6558,2232.864686,23893.50165,0.914535965
Taeniatherum caput-medusae,TACA,5,11/3/21,19.1,0.016256,0.00488,0.30019685,1.371,280.942623,0.01975,0.04255,0.0623,0.682985554,1.28,0.033242188,0.451,800.7019,660.6171,140.0848,3292.239718,15525.66627,0.825047499
Taeniatherum caput-medusae,TACA,6,11/1/21,20.4,0.009334,0.00243,0.260338547,0.604,248.5596708,0.042,0.0509,0.0929,0.547900969,1.161,0.043841516,0.3788,1029.3877,927.1135,102.2742,2009.316306,18214.41061,0.900645597
Lactuca serriola,LASE,1,11/8/21,0.7,0.063661,0.01445,0.226983554,2.229,154.2560554,0.033,0.01279,0.04579,0.279318629,1.274,0.010039246,0.6176,425.201,347.4223,77.7787,6081.211884,27163.58874,0.817077806
Lactuca serriola,LASE,2,11/8/21,0.2,0.01628,0.00352,0.216216216,0.621,176.4204545,0.01208,0.00475,0.01683,0.282234106,1.268,0.003746057,0.7541,283.9772,214.7188,69.2584,14580.71579,45203.95789,0.756112815
Lactuca serriola,LASE,3,11/8/21,1.1,0.026255,0.00431,0.164159208,1.059,245.7076566,0.031,0.01094,0.04194,0.260848832,0.99,0.011050505,0.5511,415.061,323.3326,91.7284,8384.680073,29555.08227,0.779000195
Lactuca serriola,LASE,4,11/8/21,0.6,0.077933,0.01465,0.187981985,2.973,202.9351536,0.059,0.01778,0.07678,0.231570722,0.879,0.020227531,0.4419,572.8859,508.6747,64.2112,3611.428571,28609.3757,0.88791625
Lactuca serriola,LASE,6,11/8/21,0.1,0.017069,0.00361,0.211494522,0.771,213.5734072,0.00973,0.00667,0.0164,0.406707317,1.141,0.005845749,0.6504,343.5917,280.8747,62.717,9402.848576,42110.14993,0.817466487
Bromus hordeaceus,BRHOp,2,11/17/21,19.7,0.08,0.01536,0.192,4.47,291.015625,0.065,0.076,0.141,0.539007092,2.371,0.032053986,0.5907,865.0043,661.6353,203.369,2675.907895,8705.727632,0.764892498
Bromus hordeaceus,BRHOp,3,11/8/21,18,0.04,0.0076,0.19,2.617,344.3421053,0.029,0.051,0.08,0.6375,1.944,0.026234568,0.5412,844.229,675.2049,169.0241,3314.198039,13239.31176,0.799788801
Bromus hordeaceus,BRHOp,6,11/8/21,17.6,0.051,0.00964,0.189019608,3.482,361.2033195,0.05,0.09442,0.14442,0.653787564,2.765,0.034148282,0.6724,777.9295,602.5576,175.3719,1857.35967,6381.673374,0.774565819
Vicia villosa,VIVA,1,11/5/21,32.2,0.03,0.00413,0.137666667,1.987,481.1138015,0.12,0.06121,0.18121,0.33778489,2.974,0.020581708,0.7144,741.7416,438.9336,302.808,4947.034798,7170.945924,0.591760796
Vicia villosa,VIVA,2,11/5/21,35.5,0.035,0.00434,0.124,2.638,607.8341014,0.455,0.09721,0.55221,0.176038101,3.476,0.027966053,0.6798,957.7224,602.3814,355.341,3655.395535,6196.701985,0.628972863
Vicia villosa,VIVA,3,12/9/21,37.5,0.037,0.0065,0.175675676,2.418,372,0.323,0.08721,0.41021,0.212598425,2.48,0.035165323,0.7821,516.0955,224.3225,291.773,3345.636968,2572.210756,0.434653083
Vicia villosa,VIVA,4,11/5/21,32.6,0.071,0.00918,0.129295775,5.228,569.4989107,0.266,0.05994,0.32594,0.183898877,2.322,0.025813953,0.6612,676.1825,411.7907,264.3918,4410.940941,6870.048382,0.60899343
Vicia villosa,VIVA,5,11/5/21,22.3,0.013349,0.00164,0.122855645,0.994,606.097561,0.02,0.007,0.027,0.259259259,1.701,0.004115226,1.0365,201.5376,131.6635,69.8741,9982.014286,18809.07143,0.653294968
Vicia villosa,VIVA,6,11/5/21,43,0.058,0.0075,0.129310345,4.088,545.0666667,0.589,0.14649,0.73549,0.19917334,4.053,0.036143597,0.6909,1080.7547,665.728,415.0267,2833.140146,4544.528637,0.615984367
Trifolium hirtum,TRHIpi,1,11/8/21,3,0.045877,0.00671,0.146260653,1.879,280.0298063,0.027,0.01796,0.04496,0.399466192,1.33,0.013503759,0.624,434.8089,295.2133,139.5956,7772.583519,16437.26615,0.678949534
Trifolium hirtum,TRHIpi,3,11/5/21,2,0.028892,0.0044,0.152291292,1.232,280,0.042,0.018,0.06,0.3,not scanned,NA,NA,NA,NA,NA,NA,NA,NA
Trifolium hirtum,TRHIpi,6,11/5/21,1.9,0.02742,0.00385,0.140408461,1.163,302.0779221,0.034,0.017,0.051,0.333333333,not scanned,NA,NA,NA,NA,NA,NA,NA,NA
Achillea millefolium,ACMI,2,3/25/22,4,0.11377,0.01106,0.097213677,3.985,360.3074141,0.043,0.017,0.06,0.283333333,1.516,0.01121372,0.5973,540.8065,430.6922,110.1143,6477.311765,25334.83529,0.796388727
Achillea millefolium,ACMI,3,3/25/22,5.8,0.11299,0.01807,0.159925657,5.139,284.3940232,0.064,0.065,0.129,0.503875969,2.073,0.031355523,0.4341,1400.9554,1175.5571,225.3983,3467.666154,18085.49385,0.83911101
Achillea millefolium,ACMI,4,3/25/22,3.8,0.074,0.01096,0.148108108,3.297,300.8211679,0.045,0.04,0.085,0.470588235,1.564,0.025575448,0.4448,1006.1797,863.0568,143.1229,3578.0725,21576.42,0.857756124
Achillea millefolium,ACMI,5,3/29/22,2.7,0.06167,0.00939,0.15226204,2.708,288.3919063,0.028,0.033,0.061,0.540983607,1.359,0.024282561,0.4757,764.4667,632.6748,131.7919,3993.693939,19171.96364,0.827602824
Achillea millefolium,ACMI,6,3/29/22,3.5,0.06967,0.00815,0.116980049,2.562,314.3558282,0.033,0.029,0.062,0.467741935,1.306,0.022205207,0.4447,841.1659,728.6057,112.5602,3881.386207,25124.33448,0.866185493
Agoseris unknown ,Agoseris,1,3/11/22,4,0.05286,0.00987,0.186719637,1.96,198.5815603,0.112,0.085,0.197,0.431472081,2.531,0.033583564,0.59,925.9157,718.0925,207.8232,2444.978824,8448.147059,0.775548465
Agoseris unknown ,Agoseris,2,3/11/22,3.6,0.05698,0.01174,0.206037206,2.077,176.9165247,0.13811,0.09,0.22811,0.394546491,2.106,0.042735043,0.3519,2165.4432,1876.2974,289.1458,3212.731111,20847.74889,0.866472693
Agoseris unknown ,Agoseris,3,3/11/22,5.1,0.06565,0.01375,0.209444021,2.519,183.2,0.11858,0.074,0.19258,0.384255894,1.888,0.039194915,0.3655,1799.6764,1549.5698,250.1066,3379.818919,20940.13243,0.861026905
Agoseris unknown ,Agoseris,4,3/11/22,3.3,0.04601,0.00981,0.213214519,1.824,185.9327217,0.12913,0.09,0.21913,0.410715101,2.209,0.040742417,0.3887,1861.2131,1571.2295,289.9836,3222.04,17458.10556,0.844196454
Agoseris unknown ,Agoseris,5,3/11/22,4.3,0.08468,0.01898,0.224137931,3.098,163.2244468,0.13873,0.085,0.22373,0.379922228,2.457,0.034595035,0.5634,985.7283,748.2586,237.4697,2793.761176,8803.042353,0.759092135
Agoseris unknown ,Agoseris,6,3/11/22,3.9,0.05015,0.01056,0.210568295,1.97,186.5530303,0.1801,0.097,0.2771,0.350054132,3.013,0.032193827,0.6746,842.7659,599.7485,243.0174,2505.334021,6182.974227,0.711643055
Amsinckia mensiezii,AMME,1,3/9/22,13.8,0.05876,0.00851,0.144826413,1.684,197.8848414,0.246,0.085,0.331,0.256797583,2.905,0.029259897,0.5828,1088.9451,827.1642,261.7809,3079.775294,9731.343529,0.759601379
Amsinckia mensiezii,AMME,2,3/9/22,12.7,0.07641,0.0124,0.162282424,2.003,161.5322581,0.247,0.096,0.343,0.279883382,3.554,0.027011818,0.8094,690.6303,488.2358,202.3945,2108.276042,5085.789583,0.706942339
Amsinckia mensiezii,AMME,3,3/9/22,14.1,0.07152,0.01014,0.141778523,1.999,197.1400394,0.231,0.071,0.302,0.235099338,2.394,0.029657477,0.4287,1658.5961,1374.7851,283.811,3997.338028,19363.17042,0.828884802
Amsinckia mensiezii,AMME,4,3/9/22,13.1,0.07696,0.01119,0.145400208,1.929,172.386059,0.208,0.093,0.301,0.3089701,2.736,0.033991228,0.4744,1548.0156,1254.8566,293.159,3152.247312,13493.08172,0.810622709
Amsinckia mensiezii,AMME,5,3/9/22,14,0.07544,0.01033,0.136930011,1.997,193.3204259,0.231,0.074,0.305,0.242622951,2.201,0.033621081,0.4178,1605.7792,1317.0552,288.724,3901.675676,17798.04324,0.820196949
Amsinckia mensiezii,AMME,6,3/9/22,11.8,0.06691,0.00966,0.144373038,1.959,202.7950311,0.261,0.107,0.368,0.29076087,2.882,0.037126995,0.4514,1800.9226,1413.686,387.2366,3619.033645,13212.01869,0.784978766
Aphanes occidentalis,APOC,1,3/14/22,2.7,0.03742,0.00625,0.167022982,1.458,233.28,0.075,0.033,0.108,0.305555556,2.523,0.013079667,0.9076,390.0322,247.818,142.2142,4309.521212,7509.636364,0.63537831
Aphanes occidentalis,APOC,2,3/14/22,4.2,0.07826,0.00714,0.091234347,2.513,351.9607843,0.19,0.079,0.269,0.293680297,4.098,0.019277696,1.5978,204.3705,100.1558,104.2147,1319.173418,1267.794937,0.490069751
Aphanes occidentalis,APOC,3,3/14/22,3.4,0.02888,0.00461,0.159626039,1.098,238.1778742,0.12,0.038,0.158,0.240506329,1.989,0.019105078,0.6569,586.8996,436.4751,150.4245,3958.539474,11486.18684,0.743696366
Aphanes occidentalis,APOC,4,3/14/22,3.4,0.03713,0.00522,0.140587126,1.353,259.1954023,0.105,0.039,0.144,0.270833333,2.509,0.015544041,0.8703,421.8397,293.9527,127.887,3279.153846,7537.248718,0.696835077
Aphanes occidentalis,APOC,5,3/14/22,3.5,0.02842,0.00285,0.100281492,1.157,405.9649123,0.05979,0.022,0.08179,0.268981538,2.811,0.007826396,1.2035,247.094,143.7019,103.3921,4699.640909,6531.904545,0.581567743
Aphanes occidentalis,APOC,6,3/14/22,2.5,0.03672,0.00445,0.121187364,1.466,329.4382022,0.04807,0.02,0.06807,0.29381519,2.629,0.007607455,1.1141,269.7199,167.3029,102.417,5120.85,8365.145,0.620283857
Castilleja attenuata,CAAT,3,3/14/22,0.2,0.00029,0.000031,0.106896552,0.018,580.6451613,0.00138,0.00001,0.00139,0.007194245,2.205,4.53515E-06,1.5567,115.8338,58.9138,56.92,5692000,5891380,0.508606296
Castilleja attenuata,CAAT,4,3/14/22,1.2,0.0017,0.000163,0.095882353,0.08,490.797546,0.00176,0.00048,0.00224,0.214285714,2.335,0.000205567,1.4632,138.8685,67.6123,71.2562,148450.4167,140858.9583,0.486880034
Castilleja attenuata,CAAT,6,3/14/22,1.1,0.00116,0.000103,0.088793103,0.065,631.0679612,0.00164,0.00032,0.00196,0.163265306,2.531,0.000126432,1.5822,128.7095,56.5177,72.1918,225599.375,176617.8125,0.439110555
Centaurea solistitialis,CESO,1,3/25/22,3.6,0.06153,0.00953,0.154883797,1.676,175.8656873,0.077,0.089,0.166,0.536144578,2.546,0.034956795,0.5447,1092.5216,768.0961,324.4255,3645.230337,8630.293258,0.703048892
Centaurea solistitialis,CESO,2,3/25/22,4.7,0.06782,0.00877,0.129312887,1.793,204.4469783,0.066,0.084,0.15,0.56,2.762,0.030412744,0.5124,1339.4844,996.8778,342.6066,4078.65,11867.59286,0.744225017
Centaurea solistitialis,CESO,3,4/11/22,2.5,0.04975,0.00621,0.124824121,1.831,294.8470209,0.036,0.05,0.086,0.581395349,2.264,0.022084806,0.5092,1111.6195,871.9692,239.6503,4793.006,17439.384,0.784413372
Centaurea solistitialis,CESO,4,4/11/22,1.8,0.06043,0.0088,0.145623035,2.316,263.1818182,0.081,0.089,0.17,0.523529412,2.815,0.031616341,0.5435,1213.1597,856.4618,356.6979,4007.841573,9623.166292,0.705976138
Centaurea solistitialis,CESO,5,4/11/22,1.5,0.0745,0.01044,0.140134228,2.862,274.137931,0.062,0.098,0.16,0.6125,2.514,0.038981702,0.4642,1485.4495,1102.1044,383.3451,3911.684694,11245.96327,0.741933267
Chamomilla suavolens,CHSU,1,3/25/22,2.2,0.01755,0.00227,0.129344729,0.607,267.4008811,0.028,0.024,0.052,0.461538462,1.058,0.02268431,0.3568,1057.5869,968.2331,89.3538,3723.075,40343.04583,0.915511624
Chamomilla suavolens,CHSU,2,3/29/22,2.3,0.02169,0.00345,0.159059474,0.975,282.6086957,0.059,0.054,0.113,0.477876106,1.828,0.029540481,0.4168,1339.3799,1124.1926,215.1873,3984.95,20818.38148,0.839338115
Chamomilla suavolens,CHSU,3,3/25/22,2.5,0.01921,0.00249,0.12961999,0.722,289.9598394,0.027,0.028,0.055,0.509090909,1.294,0.021638331,0.3942,1060.1562,956.1094,104.0468,3715.957143,34146.76429,0.901857104
Chamomilla suavolens,CHSU,4,4/26/22,2.6,0.0268,0.00486,0.181343284,1.138,234.1563786,0.103,0.074,0.177,0.418079096,2.17,0.034101382,0.4457,1391.2469,1130.44,260.8069,3524.417568,15276.21622,0.8125373
Crassula unknown,Crassula,1,3/14/22,0.8,0.00034,0.00002,0.058823529,0.01,500,0.0038,0.00016,0.00396,0.04040404,2.144,7.46269E-05,1.5071,120.2074,63.0508,57.1566,357228.75,394067.5,0.524516793
Crassula unknown,Crassula,2,3/14/22,0.3,0.00021,0.000023,0.10952381,0.009,391.3043478,0.00348,0.00013,0.00361,0.03601108,2.273,5.71931E-05,1.605,112.3682,55.9273,56.4409,434160.7692,430210,0.497714656
Crassula unknown,Crassula,3,3/14/22,0.7,0.00048,0.000036,0.075,0.011,305.5555556,0.00789,0.000003,0.007893,0.000380084,2.206,1.35993E-06,1.5305,119.9271,59.9,60.0271,20009033.33,19966666.67,0.499470095
Crassula unknown,Crassula,4,3/14/22,1.5,0.00054,0.000028,0.051851852,0.011,392.8571429,0.01566,0.00109,0.01675,0.065074627,2.272,0.000479754,1.5546,119.6736,60.2779,59.3957,54491.46789,55300.82569,0.503685859
Crassula unknown,Crassula,5,3/14/22,1.4,0.00041,0.000029,0.070731707,0.011,379.3103448,0.00778,0.00084,0.00862,0.097447796,1.764,0.00047619,1.2165,151.7723,106.0864,45.6859,54387.97619,126293.3333,0.698983938
Crassula unknown,Crassula,6,3/14/22,1.2,0.00041,0.000037,0.090243902,0.012,324.3243243,0.01014,0.00087,0.01101,0.079019074,2.289,0.000380079,1.5628,119.3498,58.4693,60.8805,69977.58621,67206.09195,0.489898601
Erodium botrys,ERBO,1,3/21/22,3.2,0.05927,0.01653,0.278893201,2.004,121.2341198,0.246,0.103,0.349,0.29512894,2.407,0.042791857,0.495,1250.9685,1011.3269,239.6416,2326.617476,9818.707767,0.808435144
Erodium botrys,ERBO,2,3/21/22,4.6,0.08127,0.02437,0.299864649,2.642,108.4119819,0.324,0.102,0.426,0.23943662,2.054,0.049659202,0.4736,1165.7446,941.1537,224.5909,2201.871569,9226.997059,0.807341248
Erodium botrys,ERBO,3,3/21/22,3.5,0.07301,0.02006,0.274756883,2.557,127.4675972,0.199,0.097,0.296,0.327702703,2.039,0.047572339,0.4401,1340.4134,1102.3365,238.0769,2454.401031,11364.29381,0.822385467
Erodium botrys,ERBO,4,3/21/22,3.4,0.05648,0.01428,0.252832861,1.796,125.7703081,0.201,0.103,0.304,0.338815789,2.366,0.04353339,0.4398,1557.827,1288.5769,269.2501,2614.078641,12510.45534,0.827163029
Erodium cicutarium,ERCI,1,3/14/22,1.5,0.03649,0.00912,0.249931488,1.26,138.1578947,0.12369,0.048,0.17169,0.27957365,1.364,0.035190616,0.4566,832.7125,695.2994,137.4131,2862.772917,14485.40417,0.834981341
Erodium cicutarium,ERCI,2,3/14/22,1.6,0.03667,0.01148,0.313062449,1.306,113.7630662,0.20805,0.071,0.27905,0.254434689,1.854,0.038295577,0.4767,1038.8796,862.7592,176.1204,2480.569014,12151.53803,0.830470826
Erodium cicutarium,ERCI,3,3/14/22,2.3,0.041,0.01155,0.281707317,1.398,121.038961,0.16072,0.086,0.24672,0.348573281,2.024,0.042490119,0.5411,880.321,699.8993,180.4217,2097.926744,8138.363953,0.795050101
Erodium cicutarium,ERCI,4,3/14/22,1.6,0.03268,0.00921,0.281823745,1.188,128.990228,0.0972,0.035,0.1322,0.264750378,1.66,0.021084337,0.5457,709.808,567.7214,142.0866,4059.617143,16220.61143,0.799823896
Erodium cicutarium,ERCI,5,3/14/22,2,0.03074,0.00983,0.31977879,1.011,102.8484232,0.1752,0.107,0.2822,0.379163714,2.559,0.041813208,0.63,820.7928,629.243,191.5498,1790.185047,5880.775701,0.766628314
Erodium cicutarium,ERCI,6,3/14/22,1.7,0.04034,0.01385,0.343331681,1.297,93.64620939,0.1979,0.125,0.3229,0.387116754,2.639,0.047366427,0.6933,699.1185,514.1151,185.0034,1480.0272,4112.9208,0.735376192
Galium aparine,GAAP,1,3/18/22,7.2,0.01712,0.00148,0.086448598,0.441,297.972973,0.035,0.024,0.059,0.406779661,1.439,0.016678249,0.5126,697.2206,581.6497,115.5709,4815.454167,24235.40417,0.834240555
Geranium dissectum,GEDI,1,3/11/22,3.1,0.04129,0.01061,0.256962945,2.159,203.4872762,0.03931,0.028,0.06731,0.415985738,1.206,0.023217247,0.4899,639.88,514.2293,125.6507,4487.525,18365.33214,0.803633963
Geranium dissectum,GEDI,2,3/11/22,5.4,0.08708,0.0279,0.320395039,4.424,158.5663082,0.1149,0.103,0.2179,0.472693896,2.919,0.035286057,0.6509,877.3078,644.6647,232.6431,2258.670874,6258.880583,0.734821576
Geranium dissectum,GEDI,4,3/11/22,4.9,0.08986,0.02478,0.275762297,4.399,177.5221953,0.1421,0.102,0.2441,0.417861532,2.215,0.046049661,0.327,2637.445,2321.0844,316.3606,3101.57451,22755.72941,0.880050352
Geranium dissectum,GEDI,5,3/11/22,5.4,0.0962,0.02585,0.268711019,5.102,197.3694391,0.10941,0.076,0.18541,0.409902379,2.313,0.03285776,0.621,763.788,597.126,166.662,2192.921053,7856.921053,0.781795472
Geranium molle,GEMO,1,3/23/22,3.9,0.04403,0.01139,0.258687259,2.384,209.3064091,0.073,0.036,0.109,0.330275229,1.247,0.028869286,0.3495,1299.9431,1156.8228,143.1203,3975.563889,32133.96667,0.889902643
Geranium molle,GEMO,2,3/23/22,5,0.08931,0.02549,0.285410368,4.281,167.948215,0.162,0.044,0.206,0.213592233,1.984,0.022177419,0.5487,839.1843,646.573,192.6113,4377.529545,14694.84091,0.770477951
Geranium molle,GEMO,3,3/23/22,4.1,0.06483,0.02065,0.318525374,3.172,153.6077482,0.09,0.042,0.132,0.318181818,2.181,0.019257221,0.5554,900.2812,708.6735,191.6077,4562.088095,16873.17857,0.787169053
Geranium molle,GEMO,5,3/14/22,6.3,0.15213,0.04321,0.284033392,6.887,159.3844018,0.20588,0.1,0.30588,0.326925592,2.928,0.034153005,0.4413,1914.7819,1552.3436,362.4383,3624.383,15523.436,0.810715622
Geranium molle,GEMO,6,3/11/22,4.6,0.12505,0.03556,0.284366253,6.373,179.2182227,0.176,0.073,0.249,0.293172691,2.172,0.033609576,0.4775,1213.0172,976.1015,236.9157,3245.420548,13371.25342,0.804688919
Hordeum murinum,HOMU,1,3/11/22,15.4,0.08035,0.02205,0.274424393,5.484,248.707483,0.19269,0.206,0.39869,0.516692167,3.696,0.055735931,0.8055,725.144,500.2849,224.8591,1091.549029,2428.567476,0.689911107
Hordeum murinum,HOMU,2,3/11/22,15,0.03291,0.00825,0.250683683,2.547,308.7272727,0.09662,0.117,0.21362,0.547701526,1.701,0.068783069,0.3775,1519.8227,1303.8328,215.9899,1846.067521,11143.87009,0.857884805
Hordeum murinum,HOMU,3,3/11/22,15.4,0.0445,0.01192,0.267865169,3.508,294.295302,0.13149,0.147,0.27849,0.527846601,2.353,0.062473438,0.4013,1860.4475,1574.1666,286.2809,1947.489116,10708.61633,0.846122559
Hordeum murinum,HOMU,4,3/11/22,19,0.09606,0.02377,0.247449511,6.436,270.761464,0.14748,0.168,0.31548,0.532521871,2.618,0.064171123,0.3953,2132.8219,1749.8638,382.9581,2279.5125,10415.85595,0.820445345
Hordeum murinum,HOMU,5,3/11/22,19.9,0.05235,0.01242,0.237249284,3.844,309.5008052,0.16461,0.147,0.31161,0.471743526,2.28,0.064473684,0.3883,1924.6226,1613.4447,311.1779,2116.856463,10975.81429,0.838317445
Hordeum murinum,HOMU,6,3/11/22,19.9,0.07109,0.0182,0.256013504,5.56,305.4945055,0.1636,0.189,0.3526,0.536018151,3.303,0.057220708,0.6648,951.3747,687.9368,263.4379,1393.851323,3639.877249,0.72309764
Lupinus bicolor,LUBI,1,3/16/22,4.1,0.0313,0.00508,0.162300319,1.047,206.1023622,0.041,0.026,0.067,0.388059701,1.767,0.014714205,0.8677,298.873,137.5348,161.3382,6205.315385,5289.8,0.460178069
Lupinus bicolor,LUBI,2,3/16/22,7,0.05411,0.0102,0.188504897,1.637,160.4901961,0.109,0.046,0.155,0.296774194,2.33,0.019742489,0.7415,539.6696,267.2191,272.4505,5922.836957,5809.11087,0.495153146
Lupinus bicolor,LUBI,3,3/16/22,7.6,0.07063,0.01232,0.174430129,2.55,206.9805195,0.128,0.055,0.183,0.300546448,2.391,0.023002928,0.7268,576.2941,309.3055,266.9886,4854.338182,5623.736364,0.536714674
Lupinus bicolor,LUBI,4,3/16/22,7.1,0.02677,0.00454,0.169592828,0.7,154.185022,0.045,0.018,0.063,0.285714286,1.718,0.010477299,0.8695,289.3346,127.3679,161.9667,8998.15,7075.994444,0.440209709
Lupinus bicolor,LUBI,5,3/16/22,6.4,0.05835,0.0104,0.17823479,1.409,135.4807692,0.096,0.041,0.137,0.299270073,2.59,0.015830116,0.854,452.1513,162.0187,290.1326,7076.404878,3951.67561,0.358328506
Lupinus bicolor,LUBI,6,3/16/22,3,0.05248,0.00873,0.166349085,2.115,242.2680412,0.043,0.029,0.072,0.402777778,2.128,0.01362782,0.927,315.2636,113.1943,202.0693,6967.906897,3903.251724,0.359046525
Convolvulus arvensis,COAR,1,3/18/22,6.2,0.04782,0.00693,0.144918444,2.076,299.5670996,0.057,0.11,0.167,0.658682635,1.768,0.062217195,0.7548,395.061,237.2093,157.8517,1435.015455,2156.448182,0.600437148
Convolvulus arvensis,COAR,2,3/18/22,6.1,0.03939,0.007,0.177710079,1.661,237.2857143,0.071,0.126,0.197,0.639593909,2.076,0.060693642,0.728,498.818,326.3933,172.4247,1368.45,2590.423016,0.654333444
Convolvulus arvensis,COAR,3,3/23/22,3.9,0.02928,0.004,0.136612022,1.185,296.25,0.039,0.04,0.079,0.506329114,1.731,0.02310803,0.8523,303.5067,195.1799,108.3268,2708.17,4879.4975,0.643082673
Convolvulus arvensis,COAR,4,3/25/22,3.5,0.01862,0.00245,0.131578947,0.945,385.7142857,0.025,0.016,0.041,0.390243902,1.713,0.009340339,0.991,222.0653,106.079,115.9863,7249.14375,6629.9375,0.477692823
Convolvulus arvensis,COAR,5,3/25/22,5,0.07205,0.00823,0.114226232,2.858,347.2660996,0.048,0.08252,0.13052,0.63224027,1.95,0.042317949,0.7565,433.9643,270.5513,163.413,1980.283568,3278.614881,0.623441375
Convolvulus arvensis,COAR,6,4/1/22,5.1,0.05511,0.00754,0.136817275,2.318,307.4270557,0.058,0.12,0.178,0.674157303,2.029,0.059142435,0.6837,552.7338,323.3964,229.3374,1911.145,2694.97,0.585085262
Plagiobothrus nothfulvus,PLNO,1,3/16/22,2,0.03092,0.00501,0.162031048,1.2065,240.8183633,0.125,0.077,0.202,0.381188119,2.034,0.037856441,0.3754,1837.4155,1572.041,265.3745,3446.422078,20416.11688,0.855571862
Plagiobothrus nothfulvus,PLNO,2,3/16/22,1.6,0.03115,0.00565,0.181380417,1.237,218.9380531,0.152,0.08,0.232,0.344827586,1.92,0.041666667,0.3652,1833.0454,1564.3394,268.706,3358.825,19554.2425,0.853410068
Plagiobothrus nothfulvus,PLNO,3,3/16/22,2,0.03065,0.00513,0.167373573,1.183,230.6042885,0.162,0.107,0.269,0.397769517,2.384,0.04488255,0.399,1906.0967,1588.9463,317.1504,2964.02243,14849.96542,0.833612639
Plagiobothrus nothfulvus,PLNO,4,3/16/22,2.1,0.03609,0.00625,0.173178166,1.404,224.64,0.147,0.095,0.242,0.392561983,2.368,0.040118243,0.4723,1351.7069,1087.7782,263.9287,2778.196842,11450.29684,0.804744135
Plagiobothrus nothfulvus,PLNO,5,3/16/22,2.3,0.03723,0.00667,0.179156594,1.336,200.2998501,0.133,0.114,0.247,0.461538462,2.273,0.050153982,0.3859,1943.6216,1643.7249,299.8967,2630.672807,14418.63947,0.845702116
Plagiobothrus nothfulvus,PLNO,6,3/16/22,2.3,0.03452,0.00627,0.181633835,1.403,223.7639553,0.131,0.109,0.24,0.454166667,2.286,0.04768154,0.3693,2134.6148,1854.9335,279.6813,2565.883486,17017.73853,0.868978094
Sanicula unknown,Sanicula,1,4/22/22,2.7,0.053,0.00312,0.058867925,0.895,286.8589744,0.013,0.017,0.03,0.566666667,1.475,0.011525424,0.9208,221.4558,129.3658,92.09,5417.058824,7609.752941,0.584160812
Sanicula unknown,Sanicula,2,4/22/22,4,0.03111,0.00817,0.262616522,1.555,190.3304774,0.027,0.021,0.048,0.4375,1.695,0.012389381,0.8273,315.3042,224.6388,90.6654,4317.4,10697.08571,0.712451023
Sanicula unknown,Sanicula,3,4/22/22,3.9,0.02849,0.00718,0.252018252,1.637,227.994429,0.031,0.017,0.048,0.354166667,1.309,0.012987013,0.6884,351.6235,249.9778,101.6457,5979.158824,14704.57647,0.710924611
Sanicula unknown,Sanicula,4,4/22/22,4.4,0.03985,0.00962,0.24140527,2.163,224.8440748,0.041,0.02,0.061,0.327868852,1.395,0.014336918,0.6694,396.2754,296.1475,100.1279,5006.395,14807.375,0.74732749
Sanicula unknown,Sanicula,5,4/22/22,3.9,0.03991,0.00805,0.201703834,2.151,267.2049689,0.032,0.029,0.061,0.475409836,1.49,0.019463087,0.6767,414.4122,307.4739,106.9383,3687.527586,10602.54828,0.741951854
Spergularia rubra,SPRU,1,3/18/22,2.5,0.01805,0.00228,0.126315789,0.373,163.5964912,0.06,0.032,0.092,0.347826087,1.013,0.031589339,0.4132,755.4712,627.155,128.3162,4009.88125,19598.59375,0.830150772
Spergularia rubra,SPRU,2,3/18/22,3.4,0.01715,0.0019,0.110787172,0.375,197.3684211,0.083,0.039,0.122,0.319672131,1.244,0.031350482,0.4372,828.1693,698.651,129.5183,3320.982051,17914.12821,0.843608909
Spergularia rubra,SPRU,3,3/18/22,2.6,0.01972,0.00239,0.121196755,0.421,176.1506276,0.078,0.039,0.117,0.333333333,1.498,0.026034713,0.4811,824.2913,681.2862,143.0051,3666.797436,17468.87692,0.826511453
Spergularia rubra,SPRU,4,3/18/22,4.1,0.01812,0.00206,0.113686534,0.379,183.9805825,0.065,0.031,0.096,0.322916667,1.367,0.022677396,0.493,715.9506,594.3903,121.5603,3921.3,19173.88065,0.83021133
Spergularia rubra,SPRU,5,3/18/22,2.7,0.0165,0.00173,0.104848485,0.323,186.7052023,0.069,0.04,0.109,0.366972477,1.237,0.032336297,0.4151,913.6532,783.4789,130.1743,3254.3575,19586.9725,0.857523292
Spergularia rubra,SPRU,6,3/18/22,2.9,0.01854,0.00211,0.113807983,0.382,181.042654,0.078,0.028,0.106,0.264150943,1.077,0.025998143,0.4394,710.3939,580.6179,129.776,4634.857143,20736.35357,0.817318251
Trifolium dubium,TRDU,1,3/16/22,3.3,0.02098,0.00517,0.246425167,1.674,323.7911025,0.025,0.019,0.044,0.431818182,1.093,0.017383349,0.4805,602.9403,496.4348,106.5055,5605.552632,26128.14737,0.823356475
Trifolium dubium,TRDU,2,3/18/22,1.8,0.00953,0.00153,0.160545645,0.764,499.3464052,0.00357,0.002,0.00557,0.359066427,1.611,0.001241465,0.9974,206.2242,124.7139,81.5103,40755.15,62356.95,0.604749103
Trifolium dubium,TRDU,3,3/23/22,2.7,0.0142,0.00389,0.273943662,1.073,275.8354756,0.016,0.013,0.029,0.448275862,1.191,0.010915197,0.5508,500.0826,424.4894,75.5932,5814.861538,32653.03077,0.848838572
Trifolium dubium,TRDU,4,3/23/22,2.6,0.02138,0.00623,0.291393826,1.522,244.3017657,0.041,0.028,0.069,0.405797101,1.612,0.017369727,0.5093,791.3105,686.1544,105.1561,3755.575,24505.51429,0.867111456
Trifolium dubium,TRDU,5,3/23/22,2.8,0.01473,0.00406,0.27562797,1.26,310.3448276,0.034,0.025,0.059,0.423728814,1.432,0.017458101,0.4633,849.1498,730.9473,118.2025,4728.1,29237.892,0.860799002
Trifolium dubium,TRDU,6,3/23/22,2.3,0.01819,0.00421,0.231445849,1.612,382.8978622,0.028,0.022,0.05,0.44,1.289,0.017067494,0.4631,765.3198,652.3091,113.0107,5136.85,29650.41364,0.852335324
Trifolium glomeratum,TRGL,1,3/16/22,2.5,0.03367,0.00793,0.235521236,1.733,218.5372005,0.03,0.026,0.056,0.464285714,1.428,0.018207283,0.4701,822.7749,690.3586,132.4163,5092.934615,26552.25385,0.839061328
Trifolium glomeratum,TRGL,2,3/16/22,3.3,0.04177,0.00986,0.236054585,2.286,231.8458418,0.0312,0.021,0.0522,0.402298851,1.202,0.017470882,0.4085,917.1078,801.9868,115.121,5481.952381,38189.84762,0.874473862
Trifolium glomeratum,TRGL,3,3/16/22,2.6,0.04001,0.0096,0.239940015,2.249,234.2708333,0.03792,0.022,0.05992,0.367156208,1.384,0.015895954,0.4307,950.0575,836.4332,113.6243,5164.740909,38019.69091,0.880402712
Trifolium glomeratum,TRGL,4,3/16/22,3.3,0.04872,0.01124,0.230706076,2.288,203.5587189,0.05553,0.021,0.07653,0.274402195,1.168,0.017979452,0.405,906.3649,805.183,101.1819,4818.185714,38342.04762,0.888365161
Trifolium glomeratum,TRGL,5,3/16/22,2.5,0.05111,0.01322,0.258657797,2.491,188.4266263,0.07475,0.027,0.10175,0.265356265,1.293,0.020881671,0.4332,877.2657,759.987,117.2787,4343.655556,28147.66667,0.866313364
Trifolium glomeratum,TRGL,6,3/16/22,2.6,0.04876,0.01191,0.244257588,2.398,201.3434089,0.0551,0.02,0.0751,0.266311585,1.155,0.017316017,0.4852,624.8233,520.4192,104.4041,5220.205,26020.96,0.832906199
Trifolium hirtum,TRHI,1,3/16/22,2.7,0.04729,0.0118,0.249524212,2.284,193.559322,0.047,0.029,0.076,0.381578947,1.355,0.021402214,0.4716,775.7747,666.5293,109.2454,3767.082759,22983.76897,0.85917896
Trifolium hirtum,TRHI,3,3/16/22,4,0.06072,0.01362,0.2243083,2.667,195.814978,0.071,0.025,0.096,0.260416667,1.56,0.016025641,0.5854,579.3811,462.1031,117.278,4691.12,18484.124,0.797580556
Trifolium hirtum,TRHI,4,3/16/22,3.7,0.06393,0.01171,0.183169091,2.762,235.8667805,0.088,0.042,0.13,0.323076923,1.566,0.026819923,0.441,1025.0884,865.3389,159.7495,3803.559524,20603.30714,0.844160269
Trifolium hirtum,TRHI,5,3/16/22,3.1,0.0501,0.01157,0.230938124,2.714,234.5721694,0.116,0.039,0.155,0.251612903,1.651,0.023622047,0.453,1024.1108,885.0098,139.101,3566.692308,22692.55897,0.864173876
Trifolium hirtum,TRHI,6,3/16/22,3.5,0.06025,0.01236,0.205145228,2.973,240.5339806,0.078,0.028,0.106,0.264150943,1.542,0.018158236,0.499,788.8009,639.9211,148.8798,5317.135714,22854.325,0.811258075
Trifolium pratense,TRPR,1,3/16/22,2.3,0.06188,0.01217,0.196670976,3.039,249.7124076,0.07816,0.02836,0.10652,0.266241081,1.485,0.019097643,0.5697,582.3629,436.4669,145.896,5144.428773,15390.2292,0.749475799
Trifolium pratense,TRPR,2,3/16/22,3.7,0.0604,0.01309,0.216721854,2.884,220.3208556,0.0963,0.042,0.1383,0.303687636,1.799,0.023346304,0.4955,932.7247,777.1007,155.624,3705.333333,18502.39762,0.833151197
Trifolium pratense,TRPR,3,3/16/22,2.9,0.05543,0.01226,0.221179866,3.169,258.4828711,0.0704,0.031,0.1014,0.305719921,1.564,0.019820972,0.5205,734.8571,601.4572,133.3999,4303.222581,19401.84516,0.818468244
Trifolium pratense,TRPR,4,3/16/22,3.1,0.07272,0.01742,0.239548955,3.312,190.1262916,0.127,0.056,0.183,0.306010929,1.959,0.028586013,0.4518,1222.0988,1015.5461,206.5527,3688.441071,18134.75179,0.830985269
Trifolium pratense,TRPR,5,3/16/22,3.8,0.0672,0.01205,0.179315476,3.002,249.1286307,0.088,0.039,0.127,0.307086614,1.442,0.02704577,0.4664,844.0671,705.4313,138.6358,3554.764103,18087.98205,0.835752632
Trifolium pratense,TRPR,6,3/16/22,3.5,0.05386,0.01058,0.196435202,3.033,286.6729679,0.078,0.034,0.112,0.303571429,1.461,0.023271732,0.4908,772.1044,624.5878,147.5166,4338.723529,18370.22941,0.808942159
Trifolium eriocephalum,TRER,1,4/5/22,0.1,0.00091,0.00015,0.164835165,0.025,166.6666667,0.00037,roots lost,NA,NA,NA,NA,NA,NA,NA,NA,NA,NA,NA
Trifolium eriocephalum,TRER,2,3/29/22,0.2,0.00053,0.00008,0.037735849,0.02,250,0.00049,0.000065,0.000555,0.117117117,2.842,2.28712E-05,1.9117,99.0121,26.3638,72.6483,1117666.154,405596.9231,0.266268466
Trifolium eriocephalum,TRER,3,4/1/22,0.6,0.00093,No sample,NA,0.042,NA,0.000553,0.00033,0.000883,0.373725934,2.336,0.000141267,1.6989,103.0408,29.6499,73.3909,222396.6667,89848.18182,0.287749125
Trifolium eriocephalum,TRER,4,4/5/22,0.1,0.00037,0.00011,0.297297297,0.015,136.3636364,0.00025,0.000118,0.000368,0.320652174,2.287,5.1596E-05,1.6213,110.7961,54.8318,55.9643,474273.7288,464676.2712,0.494889261
Trifolium eriocephalum,TRER,5,4/5/22,0.2,0.0005,0.0001,0.2,0.025,250,0.00043,roots lost,NA,NA,NA,NA,NA,NA,NA,NA,NA,NA,NA
Trifolium eriocephalum,TRER,6,4/5/22,0.3,0.00041,0.00014,0.341463415,0.019,135.7142857,0.00143,roots lost,NA,NA,2.334,NA,1.6494,109.2109,52.497,56.7139,NA,NA,0.480693777
Triteleia laxa,TRLA,1,4/1/22,3.3,0.00544,0.00086,0.158088235,0.256,297.6744186,0.00086,0.0011,0.00196,0.56122449,1.939,0.000567303,1.6016,96.2409,25.9685,70.2724,63884,23607.72727,0.269828108
Triteleia laxa,TRLA,5,4/26/22,5,0.01285,0.002375,0.184824903,0.462,194.5263158,0.002375,0.00319,0.005565,0.573225517,2.169,0.001470724,1.4641,128.8512,44.9373,83.9139,26305.29781,14086.9279,0.348753446
Triteleia laxa,TRLA,6,3/29/22,2.2,0.00315,0.00057,0.180952381,0.109,191.2280702,0.00057,0.000208,0.000778,0.267352185,2.589,8.03399E-05,1.8915,92.1253,21.708,70.4173,338544.7115,104365.3846,0.235635596
Nemophila maculata,NEMA,1,4/22/22,5.1,0.08655,0.01349,0.155863663,2.827,209.562639,0.141,0.034,0.175,0.194285714,1.577,0.021559924,0.4718,902.1676,726.3954,175.7722,5169.770588,21364.57059,0.8051668
Nemophila maculata,NEMA,2,3/21/22,4.4,0.08094,0.01061,0.131084754,2.482,233.9302545,0.121,0.063,0.184,0.342391304,2.054,0.03067186,0.4447,1321.9704,1097.2978,224.6726,3566.231746,17417.4254,0.830047178
Nemophila maculata,NEMA,3,4/22/22,2.8,0.04195,0.00603,0.143742551,1.133,187.893864,0.08587,0.027,0.11287,0.239213254,1.539,0.01754386,0.4808,848.0156,688.1806,159.835,5919.814815,25488.17037,0.811518798
Nemophila maculata,NEMA,4,4/22/22,4.1,0.0369,0.00495,0.134146341,1.431,289.0909091,0.053,0.02584,0.07884,0.32775241,1.304,0.019815951,0.4662,763.7445,633.8719,129.8726,5026.029412,24530.64628,0.829952818
Nemophila maculata,NEMA,5,4/26/22,3.8,0.0341,0.00314,0.092082111,0.833,265.2866242,0.053,0.023,0.076,0.302631579,1.786,0.01287794,0.5571,732.4652,581.3505,151.1147,6570.204348,25276.1087,0.793690267
Nemophila maculata,NEMA,6,4/22/22,4,0.09227,0.01611,0.174596293,3.055,189.6337678,0.135,0.05,0.185,0.27027027,2.315,0.021598272,0.5144,1113.6411,849.5315,264.1096,5282.192,16990.63,0.762841368
Trifolium ciliolatum,TRCI,2,3/16/22,4,0.02914,0.00392,0.134522992,1.261,321.6836735,0.02053,0.00579,0.02632,0.219984802,1.603,0.003611978,0.8789,264.1631,183.6018,80.5613,13913.86874,31710.15544,0.695031971
Trifolium ciliolatum,TRCI,3,3/16/22,5.4,0.0491,0.01085,0.220977597,2.182,201.1059908,0.098,0.024,0.122,0.196721311,1.729,0.013880856,0.6015,608.6248,500.4032,108.2216,4509.233333,20850.13333,0.822186674
Trifolium ciliolatum,TRCI,4,3/16/22,5.2,0.04491,0.01009,0.224671565,1.994,197.6214073,0.093,0.037,0.13,0.284615385,1.526,0.024246396,0.4776,852.0398,707.9877,144.0521,3893.3,19134.8027,0.830932663
Trifolium ciliolatum,TRCI,5,3/16/22,4.9,0.04696,0.00957,0.20379046,2.043,213.4796238,0.07579,0.031,0.10679,0.290289353,1.419,0.021846371,0.4367,947.4781,799.0527,148.4254,4787.916129,25775.89355,0.843346881
Trifolium ciliolatum,TRCI,6,3/16/22,6.3,0.05397,0.01149,0.212896053,2.411,209.8346388,0.101,0.044,0.145,0.303448276,1.708,0.025761124,0.4518,1065.2226,901.6147,163.6079,3718.361364,20491.24318,0.846409661
Lolium multiflorum,LOMU,1,4/26/22,11.9,0.03952,0.00728,0.184210526,2.241,307.8296703,0.14331,0.21138,0.35469,0.595957033,3.748,0.056398079,0.5945,1350.4572,1027.6954,322.7618,1526.926862,4861.838395,0.760998127
Lolium multiflorum,LOMU,2,4/26/22,13.7,0.05417,0.00841,0.155251984,3.22,382.8775268,0.151,0.226,0.377,0.599469496,3.86,0.058549223,0.6139,1304.3092,914.5834,389.7258,1724.450442,4046.829204,0.701201372
Lolium multiflorum,LOMU,3,4/26/22,13.1,0.04714,0.00949,0.201315231,2.802,295.2581665,0.193,0.265,0.458,0.57860262,4.785,0.0553814,0.6827,1307.3611,929.0156,378.3455,1427.718868,3505.719245,0.710603673
Lolium multiflorum,LOMU,4,4/26/22,12.1,0.02948,0.00482,0.163500678,2.104,436.5145228,0.191,0.276,0.467,0.591006424,4.546,0.060712714,0.5948,1635.827,1158.3031,477.5239,1730.159058,4196.750362,0.708084107
Lolium multiflorum,LOMU,5,4/26/22,14.9,0.03927,0.00685,0.17443341,2.489,363.3576642,0.208,0.275,0.483,0.569358178,4.335,0.06343714,0.6038,1513.6894,1100.5021,413.1873,1502.499273,4001.825818,0.72703297
Lolium multiflorum,LOMU,6,4/26/22,14,0.04771,0.00852,0.178578914,2.853,334.8591549,0.158,0.21,0.368,0.570652174,3.586,0.058561071,0.5117,1743.7421,1321.1189,422.6232,2012.491429,6291.042381,0.757634343
Sherardia arvensis,SHAR,1,4/26/22,6,0.0043,0.000577,0.134186047,0.175,303.2928943,0.016,0.01024,0.02624,0.390243902,1.048,0.009770992,0.5294,476.22,379.1586,97.0614,9478.652344,37027.20703,0.796183697
Sherardia arvensis,SHAR,2,4/26/22,10.8,0.00712,0.00189,0.265449438,0.288,152.3809524,0.1,0.056,0.156,0.358974359,1.978,0.028311426,0.5055,985.5636,792.6367,192.9269,3445.123214,14154.22679,0.804247133
Sherardia arvensis,SHAR,3,4/26/22,9.7,0.00656,0.001511,0.230335366,0.222,146.9225678,0.07989,0.048,0.12789,0.375322543,1.771,0.027103331,0.4411,1158.8852,984.0625,174.8227,3642.139583,20501.30208,0.8491458
Sherardia arvensis,SHAR,4,4/26/22,10.3,0.00751,0.001959,0.260852197,0.288,147.0137825,0.09,0.06284,0.15284,0.411148914,2.447,0.025680425,0.6035,855.3269,660.7249,194.602,3096.785487,10514.40006,0.772482311
Annagalis arvensis,ANARp,1,4/11/22,1.5,0.02087,0.00296,0.141830379,0.899,303.7162162,0.01107,0.004,0.01507,0.265428003,1.467,0.002726653,0.7128,367.7472,277.0485,90.6987,22674.675,69262.125,0.753366715
Annagalis arvensis,ANARp,2,4/22/22,0.9,0.01995,0.00266,0.133333333,0.909,341.7293233,0.01324,0.01124,0.02448,0.459150327,1.283,0.008760717,0.5761,492.1217,411.9744,80.1473,7130.542705,36652.52669,0.837139269
Annagalis arvensis,ANARp,3,3/11/22,1.2,0.01193,0.00215,0.180217938,0.499,232.0930233,0.011,0.005,0.016,0.3125,2.315,0.002159827,1.1835,210.4378,115.4684,94.9694,18993.88,23093.68,0.548705603
Annagalis arvensis,ANARp,4,4/22/22,1.3,0.01553,0.00226,0.145524791,0.668,295.5752212,0.01028,0.007,0.01728,0.405092593,0.925,0.007567568,0.5345,412.1595,336.9505,75.209,10744.14286,48135.78571,0.817524526
Annagalis arvensis,ANARp,5,4/22/22,1.5,0.02217,0.00236,0.106450158,1.068,452.5423729,0.013,0.012,0.025,0.48,1.413,0.008492569,0.5846,526.3954,420.0299,106.3655,8863.791667,35002.49167,0.797936114
Annagalis arvensis,ANARp,6,4/22/22,2.1,0.01351,0.00168,0.124352332,0.641,381.547619,0.014,0.01641,0.03041,0.539625123,1.402,0.011704708,0.5563,576.8104,474.3987,102.4117,6240.810481,28909.12249,0.82245171
Brassica nigra,BRNIp,1,3/11/22,5.3,0.13047,0.02519,0.193071204,3.654,145.0575625,0.083,0.043,0.126,0.341269841,2.519,0.017070266,0.7581,558.2258,394.4281,163.7977,3809.248837,9172.746512,0.706574472
Brassica nigra,BRNIp,2,3/11/22,4.2,0.11145,0.02361,0.211843876,2.991,126.6836086,0.074,0.044,0.118,0.372881356,1.614,0.027261462,0.4035,1261.7717,1062.209,199.5627,4535.515909,24141.11364,0.841839296
Brassica nigra,BRNIp,3,3/11/22,6,0.12573,0.02052,0.163206872,3.76,183.2358674,0.057,0.037,0.094,0.393617021,1.468,0.02520436,0.3888,1236.1547,1070.158,165.9967,4486.397297,28923.18919,0.86571527
Brassica nigra,BRNIp,4,3/14/22,2.4,0.0546,0.00461,0.084432234,1.879,407.5921909,0.00734,0.007,0.01434,0.488145049,1.463,0.004784689,0.6911,390.0958,299.9171,90.1787,12882.67143,42845.3,0.768829349
Brassica nigra,BRNIp,5,3/14/22,4.5,0.07937,0.0125,0.157490236,2.563,205.04,0.0525,0.043,0.0955,0.45026178,2.358,0.018235793,0.7839,488.6332,353.1563,135.4769,3150.625581,8212.937209,0.722743154
Brassica nigra,BRNIp,6,3/14/22,5.1,0.09435,0.01395,0.147853736,2.964,212.4731183,0.08333,0.039,0.12233,0.318809777,2.411,0.016175861,1.0365,285.7686,182.3279,103.4407,2652.325641,4675.074359,0.638026361
Brassica nigra,BRNIf,1,3/11/22,3,0.08608,0.02027,0.235478625,3.013,148.6433152,0.056,0.06,0.116,0.517241379,2.443,0.024559967,0.7319,580.6973,417.9681,162.7292,2712.153333,6966.135,0.719769319
Brassica nigra,BRNIf,2,3/11/22,3.4,0.08847,0.02523,0.285181417,2.915,115.5370591,0.089,0.06,0.149,0.402684564,1.833,0.032733224,0.4448,1179.1306,984.3937,194.7369,3245.615,16406.56167,0.834847047
Brassica nigra,BRNIf,3,3/11/22,1.7,0.04233,0.00909,0.214741318,1.585,174.3674367,0.073,0.047,0.12,0.391666667,2.18,0.021559633,0.6489,659.2339,485.9197,173.3142,3687.53617,10338.71702,0.737097561
Brassica nigra,BRNIf,4,3/11/22,3.1,0.05883,0.01212,0.206017338,2.109,174.009901,0.078,0.039,0.117,0.333333333,1.397,0.027916965,0.4076,1071.0245,913.3649,157.6596,4042.553846,23419.61282,0.852795524
Brassica nigra,BRNIf,5,3/11/22,2.1,0.085,0.02232,0.262588235,2.747,123.0734767,0.049,0.039,0.088,0.443181818,1.406,0.027738265,0.3962,1140.3258,1002.8605,137.4653,3524.751282,25714.37179,0.879450855
Brassica nigra,BRNIf,6,3/11/22,2.1,0.05732,0.01361,0.237438939,1.976,145.1873622,0.039,0.027,0.066,0.409090909,1.878,0.014376997,0.655,557.4844,414.0174,143.467,5313.592593,15333.97778,0.742652889
Clarkia purpurea,CLPUp,1,3/4/22,12.9,0.02091,0.00284,0.135820182,0.847,298.2394366,0.039,0.036,0.075,0.48,3.196,0.01126408,1.3056,238.6997,135.8631,102.8366,2856.572222,3773.975,0.56918002
Clarkia purpurea,CLPUp,2,3/7/22,7.5,0.03046,0.00336,0.110308601,1.199,356.8452381,0.034,0.04,0.074,0.540540541,1.815,0.022038567,0.481,998.6603,810.7374,187.9229,4698.0725,20268.435,0.811825002
Clarkia purpurea,CLPUp,3,3/7/22,4.6,0.0212,0.00272,0.128301887,0.792,291.1764706,0.021,0.022,0.043,0.511627907,1.6,0.01375,0.5127,775.0794,649.1721,125.9073,5723.059091,29507.82273,0.83755561
Clarkia purpurea,CLPUp,4,3/11/22,2.5,0.01325,0.0016,0.120754717,0.467,291.875,0.013,0.015,0.028,0.535714286,1.178,0.012733447,0.4338,797.3456,700.1975,97.1481,6476.54,46679.83333,0.878160612
Clarkia purpurea,CLPUp,5,3/11/22,2,0.01005,0.00101,0.100497512,0.331,327.7227723,0.00549,0.008,0.01349,0.593031875,0.958,0.008350731,0.5185,453.5768,366.2343,87.3425,10917.8125,45779.2875,0.807436139
Clarkia purpurea,CLPUf,1,4/1/22,1.5,0.00892,0.00095,0.106502242,0.407,428.4210526,0.0063,0.00359,0.00989,0.362992922,1.112,0.003228417,0.7395,258.8444,189.6318,69.2126,19279.27577,52822.22841,0.732609243
Clarkia purpurea,CLPUf,2,4/1/22,2,0.01266,0.00146,0.115323855,0.495,339.0410959,0.0078,0.005,0.0128,0.390625,1.167,0.00428449,0.6326,371.4129,277.7626,93.6503,18730.06,55552.52,0.747853938
Clarkia purpurea,CLPUf,5,4/1/22,1.4,0.008732,0.00075,0.085890976,0.294,392,0.00369,0.003,0.00669,0.448430493,1.094,0.00274223,0.7012,283.2763,212.4262,70.8501,23616.7,70808.73333,0.749890478
Gilia tricolor,GITRp,1,3/2/22,5.2,0.04497,0.00628,0.139648655,1.823,290.2866242,0.047,0.038,0.085,0.447058824,1.355,0.02804428,0.4428,879.8862,739.6585,140.2277,3690.202632,19464.69737,0.840629731
Gilia tricolor,GITRp,2,3/2/22,5.6,0.02811,0.00342,0.121664888,0.951,278.0701754,0.025,0.028,0.053,0.528301887,1.279,0.021892103,0.3984,1026.1981,901.0462,125.1519,4469.710714,32180.22143,0.878043138
Gilia tricolor,GITRp,3,3/2/22,5.1,0.01794,0.00312,0.173913043,0.517,165.7051282,0.031,0.033,0.064,0.515625,1.374,0.024017467,0.4442,886.2539,760.8043,125.4496,3801.50303,23054.67576,0.858449593
Gilia tricolor,GITRp,4,3/2/22,4.1,0.02717,0.0032,0.11777696,0.65,203.125,0.019,0.023,0.042,0.547619048,1.122,0.020499109,0.4262,786.6152,664.6681,121.9471,5302.047826,28898.61304,0.844972358
Gilia tricolor,GITRp,5,3/2/22,5.9,0.02313,0.00298,0.128837008,0.695,233.2214765,0.03,0.035,0.065,0.538461538,1.474,0.023744912,0.4992,752.8349,609.8311,143.0038,4085.822857,17423.74571,0.810046266
Gilia tricolor,GITRp,6,3/2/22,4.1,0.01998,0.00252,0.126126126,0.668,265.0793651,0.024,0.037,0.061,0.606557377,2.076,0.017822736,0.787,426.7441,298.2404,128.5037,3473.072973,8060.551351,0.698874103
Gilia tricolor,GITRf,3,3/11/22,2.5,0.01038,0.00106,0.102119461,0.389,366.9811321,0.00582,0.009165,0.014985,0.611611612,1.018,0.009002947,0.5325,457.1534,367.0181,90.1353,9834.729951,40045.6192,0.802833578
Lepidium nitidum,LENIp,1,3/4/22,4.9,0.01743,0.00403,0.231210557,0.523,129.7766749,0.036,0.029,0.065,0.446153846,0.81,0.035802469,0.3107,1068.3931,959.7974,108.5957,3744.67931,33096.46207,0.898356045
Lepidium nitidum,LENIp,2,3/4/22,5.8,0.01096,0.00355,0.323905109,0.28,78.87323944,0.039,0.017,0.056,0.303571429,0.918,0.018518519,0.4518,572.7723,494.9102,77.8621,4580.123529,29112.36471,0.864060989
Lepidium nitidum,LENIp,3,3/7/22,3.6,0.0084,0.00164,0.195238095,0.31,189.0243902,0.013,0.01019,0.02319,0.43941354,1.075,0.00947907,0.5835,402.0686,319.2757,82.7929,8124.916585,31332.25711,0.794082652
Lepidium nitidum,LENIp,4,3/4/22,4,0.01118,0.00221,0.197674419,0.349,157.918552,0.018,0.014,0.032,0.4375,1.421,0.009852217,0.5728,551.6319,469.8182,81.8137,5843.835714,33558.44286,0.851687874
Lepidium nitidum,LENIp,5,3/4/22,5.2,0.00983,0.00173,0.175991862,0.429,247.9768786,0.025,0.017,0.042,0.404761905,1.02,0.016666667,0.4231,725.6393,618.5612,107.0781,6298.711765,36385.95294,0.85243619
Lepidium nitidum,LENIp,6,3/4/22,3.7,0.00855,0.00223,0.260818713,0.4,179.3721973,0.021,0.013,0.034,0.382352941,1.424,0.009129213,0.6556,421.8758,320.6354,101.2404,7787.723077,24664.26154,0.760023211
Lepidium nitidum,LENIf,1,3/9/22,3.6,0.01,0.00214,0.214,0.362,169.1588785,0.025,0.02,0.045,0.444444444,0.827,0.024183797,0.4022,651.3555,550.9792,100.3763,5018.815,27548.96,0.845896289
Lepidium nitidum,LENIf,2,3/9/22,3,0.00903,0.00195,0.215946844,0.376,192.8205128,0.023,0.021,0.044,0.477272727,0.792,0.026515152,0.4191,574.398,484.6546,89.7434,4273.495238,23078.79048,0.843760946
Lepidium nitidum,LENIf,3,3/9/22,2.5,0.00901,0.00161,0.178690344,0.393,244.0993789,0.017,0.015,0.032,0.46875,0.823,0.018226002,0.4168,603.0408,519.8653,83.1755,5545.033333,34657.68667,0.86207318
Lepidium nitidum,LENIf,4,3/9/22,2.5,0.00639,0.00103,0.161189358,0.266,258.2524272,0.013,0.01,0.023,0.434782609,0.803,0.0124533,0.473,456.8819,371.5599,85.322,8532.2,37155.99,0.813251521
Lepidium nitidum,LENIf,5,3/9/22,3.8,0.01008,0.00193,0.191468254,0.408,211.3989637,0.019,0.016,0.035,0.457142857,0.814,0.01965602,0.4264,570.3238,480.4017,89.9221,5620.13125,30025.10625,0.842331497
Lepidium nitidum,LENIf,6,3/9/22,3.1,0.01351,0.00241,0.17838638,0.549,227.8008299,0.025,0.023,0.048,0.479166667,0.772,0.029792746,0.3893,648.1003,566.4769,81.6234,3548.843478,24629.43043,0.874057457
Lotus purshianus,LOPU,1,3/4/22,4,0.01028,0.00312,0.303501946,0.693,222.1153846,0.035,0.02,0.055,0.363636364,1.579,0.012666244,0.8029,311.7524,186.6067,125.1457,6257.285,9330.335,0.598573419
Lotus purshianus,LOPU,2,3/4/22,6.7,0.03502,0.00974,0.278126785,1.674,171.8685832,0.085,0.039,0.124,0.314516129,2.147,0.018164881,0.6748,600.4605,433.6823,166.7782,4276.364103,11120.05897,0.722249507
Lotus purshianus,LOPU,3,3/4/22,6,0.02868,0.0092,0.320781032,1.396,151.7391304,0.088,0.035,0.123,0.284552846,2.294,0.015257193,0.7702,492.461,312.893,179.568,5130.514286,8939.8,0.635366049
Lotus purshianus,LOPU,4,3/4/22,2.5,0.0074,0.00157,0.212162162,0.398,253.5031847,0.024,0.013,0.037,0.351351351,1.972,0.006592292,0.9405,283.8208,174.755,109.0658,8389.676923,13442.69231,0.61572302
Lotus purshianus,LOPU,5,3/4/22,3.6,0.01434,0.00367,0.255927476,0.718,195.640327,0.038,0.021,0.059,0.355932203,2.374,0.00884583,1.0558,271.1662,138.1153,133.0509,6335.757143,6576.919048,0.509338184
Lotus purshianus,LOPU,6,3/4/22,3,0.00536,0.00258,0.481343284,0.447,173.255814,0.048,0.02,0.068,0.294117647,2.21,0.009049774,0.9171,334.5283,191.5636,142.9647,7148.235,9578.18,0.57263795
Madia elegans,MAELp,1,3/4/22,7.7,0.09483,0.01352,0.142570916,3.014,222.9289941,0.084,0.124,0.208,0.596153846,3.022,0.041032429,0.4739,1713.0145,1286.2929,426.7216,3441.303226,10373.32984,0.750894344
Madia elegans,MAELp,2,3/4/22,6.6,0.074,0.01055,0.142567568,3.687,349.478673,0.054,0.058,0.112,0.517857143,2.109,0.027501185,0.4503,1324.1581,1063.3718,260.7863,4496.315517,18333.99655,0.803055013
Madia elegans,MAELp,3,3/29/22,3.4,0.02785,0.00348,0.124955117,1.167,335.3448276,0.015,0.019,0.034,0.558823529,1.285,0.014785992,0.5687,505.9502,383.6229,122.3273,6438.278947,20190.67895,0.758222647
Madia elegans,MAELp,4,3/29/22,5.1,0.03578,0.00459,0.128283958,1.559,339.6514161,0.021,0.027,0.048,0.5625,1.564,0.017263427,0.5339,698.6716,532.5399,166.1317,6153.025926,19723.7,0.762217757
Madia elegans,MAELp,5,3/11/22,5.7,Skipped accidentally,0.00562,NA,1.621,288.4341637,0.05001,0.036,0.08601,0.418555982,1.691,0.021289178,0.5004,859.8262,688.3546,171.4716,4763.1,19120.96111,0.800574116
Madia elegans,MAELp,6,3/29/22,5.3,0.03395,0.00391,0.115169367,1.682,430.1790281,0.025,0.028,0.053,0.528301887,1.452,0.019283747,0.5141,699.5703,532.009,167.5613,5984.332143,19000.32143,0.760479683
Madia elegans,MAELf,1,3/9/22,1.2,0.02468,0.00171,0.069286872,0.494,288.8888889,0.0084,0.006,0.0144,0.416666667,1.112,0.005395683,0.65,335.1714,248.4887,86.6827,14447.11667,41414.78333,0.741377993
Madia elegans,MAELf,2,3/11/22,0.9,0.0422,0.00396,0.093838863,0.991,250.2525253,0.01817,0.015,0.03317,0.452215858,1.215,0.012345679,0.4451,780.9254,679.0232,101.9022,6793.48,45268.21333,0.869510967
Madia elegans,MAELf,3,3/7/22,1.7,0.064,0.00628,0.098125,1.582,251.910828,0.025,0.016,0.041,0.390243902,1.505,0.010631229,0.5393,658.9649,517.1558,141.8091,8863.06875,32322.2375,0.784800222
Madia elegans,MAELf,4,3/11/22,1.2,0.05752,0.00496,0.086230876,1.463,294.9596774,0.02869,0.031,0.05969,0.519349975,1.704,0.018192488,0.4846,924.0933,700.1398,223.9535,7224.306452,22585.15484,0.757650553
Madia elegans,MAELf,5,3/11/22,1.8,0.04011,0.00335,0.083520319,0.873,260.5970149,0.0175,0.01,0.0275,0.363636364,1.446,0.006915629,0.5206,679.4533,573.7239,105.7294,10572.94,57372.39,0.844390483
Madia elegans,MAELf,6,3/11/22,1,0.05232,0.00412,0.078746177,0.998,242.2330097,0.01634,0.018,0.03434,0.524170064,1.408,0.012784091,0.4757,791.9554,676.9203,115.0351,6390.838889,37606.68333,0.854745482
Micropus californicus,MICA,1,3/7/22,3.9,0.0054,0.0008,0.148148148,0.321,401.25,0.083,0.049,0.132,0.371212121,1.76,0.027840909,0.398,1414.6051,1234.7321,179.873,3670.877551,25198.61429,0.872845786
Micropus californicus,MICA,2,3/7/22,3.5,0.004,0.00061,0.1525,0.229,375.4098361,0.044,0.018,0.062,0.290322581,1.458,0.012345679,0.6527,435.8381,334.8323,101.0058,5611.433333,18601.79444,0.768249265
Micropus californicus,MICA,3,3/7/22,4,0.0056,0.00106,0.189285714,0.302,284.9056604,0.071,0.027,0.098,0.275510204,1.317,0.020501139,0.4523,819.6601,690.913,128.7471,4768.411111,25589.37037,0.842926232
Micropus californicus,MICA,4,3/7/22,3.1,0.004,0.00079,0.1975,0.248,313.9240506,0.026,0.023,0.049,0.469387755,1.148,0.020034843,0.4758,645.7134,536.9569,108.7565,4728.543478,23345.95217,0.831571561
Micropus californicus,MICA,5,3/7/22,3,0.0046,0.0009,0.195652174,0.286,317.7777778,0.021,0.016,0.037,0.432432432,1.03,0.015533981,0.4755,579.7121,497.9861,81.726,5107.875,31124.13125,0.859023125
Micropus californicus,MICA,6,3/9/22,2,0.00257,0.0004,0.155642023,0.134,335,0.00657,0.006,0.01257,0.477326969,0.908,0.00660793,0.5575,371.8918,291.4307,80.4611,13410.18333,48571.78333,0.783643791
Plantago erecta,PLERp,1,3/4/22,10.3,0.08765,0.01108,0.126411865,2.163,195.2166065,0.117,0.068,0.185,0.367567568,2.105,0.032304038,0.4213,1510.2797,1261.1072,249.1725,3664.301471,18545.69412,0.83501566
Plantago erecta,PLERp,2,3/4/22,9.1,0.05142,0.00634,0.123298327,1.408,222.0820189,0.085,0.059,0.144,0.409722222,1.912,0.030857741,0.4082,1461.2841,1257.2648,204.0193,3457.954237,21309.57288,0.860383549
Plantago erecta,PLERp,3,3/4/22,9.7,0.06412,0.00747,0.116500312,1.573,210.5756359,0.108,0.063,0.171,0.368421053,1.841,0.034220532,0.3866,1568.3903,1352.465,215.9253,3427.385714,21467.69841,0.862326807
Plantago erecta,PLERp,4,3/7/22,8.5,0.0546,0.00652,0.119413919,1.637,251.0736196,0.06,0.037,0.097,0.381443299,1.594,0.023212045,0.4452,1023.9263,875.3244,148.6019,4016.267568,23657.41622,0.854870512
Plantago erecta,PLERp,5,3/7/22,9.2,0.0677,0.0094,0.138847858,2.038,216.8085106,0.08,0.056,0.136,0.411764706,2.174,0.02575897,0.5728,843.5791,635.1507,208.4284,3721.935714,11341.97679,0.752923703
Plantago erecta,PLERp,6,3/7/22,9.6,0.0606,0.00856,0.141254125,2.387,278.8551402,0.127,0.073,0.2,0.365,2.426,0.030090684,0.644,744.7872,562.4747,182.3125,2497.431507,7705.132877,0.755215315
Plantago erecta,PLERf,1,4/5/22,6.1,0.03269,0.00672,0.205567452,0.956,142.2619048,0.0764,0.065,0.1414,0.459688826,2.352,0.027636054,0.567,931.5884,712.0357,219.5527,3377.733846,10954.39538,0.764324352
Plantago erecta,PLERf,2,4/1/22,5.5,0.02152,0.00398,0.184944238,0.924,232.160804,0.038,0.033,0.071,0.464788732,1.41,0.023404255,0.4164,1035.3158,904.744,130.5718,3956.721212,27416.48485,0.873882153
Plantago erecta,PLERf,3,4/1/22,5.6,0.03744,0.00555,0.148237179,1.24,223.4234234,0.057,0.059,0.116,0.50862069,1.585,0.037223975,0.3812,1389.2955,1232.0525,157.243,2665.135593,20882.24576,0.886818175
Plantago erecta,PLERf,4,3/14/22,4.8,0.02161,0.00372,0.172142527,0.657,176.6129032,0.04086,0.039,0.07986,0.488354621,2.446,0.015944399,0.7607,538.3192,369.5709,168.7483,4326.879487,9476.176923,0.686527436
Plantago erecta,PLERf,5,3/14/22,5.9,0.02063,0.00298,0.14444983,0.596,200,0.03634,0.053,0.08934,0.59323931,2.27,0.023348018,0.5425,982.1522,772.8321,209.3201,3949.435849,14581.73774,0.786876107
Plantago erecta,PLERf,6,3/11/22,5.9,0.03127,0.00544,0.17396866,0.843,154.9632353,0.05285,0.064,0.11685,0.54771074,2.089,0.030636668,0.4122,1564.8985,1323.4915,241.407,3771.984375,20679.55469,0.845736321
Trifolium wildenovii,TRWIp,1,3/4/22,6.6,0.01963,0.00535,0.272542028,0.827,154.5794393,0.138,0.044,0.182,0.241758242,1.697,0.025928108,0.5412,737.8663,586.1424,151.7239,3448.270455,13321.41818,0.794374807
Trifolium wildenovii,TRWIp,2,3/4/22,4.5,0.01779,0.00483,0.271500843,0.836,173.0848861,0.055,0.028,0.083,0.337349398,1.449,0.019323671,0.5527,604.0243,473.1748,130.8495,4673.196429,16899.1,0.78337047
Trifolium wildenovii,TRWIp,3,3/4/22,4.2,0.01631,0.00359,0.220110362,0.813,226.4623955,0.067,0.029,0.096,0.302083333,1.676,0.017303103,0.573,649.8215,513.0313,136.7902,4716.903448,17690.73448,0.789495731
Trifolium wildenovii,TRWIp,4,3/4/22,5.1,0.02752,0.00667,0.242369186,1.71,256.3718141,0.078,0.035,0.113,0.309734513,1.562,0.02240717,0.5272,715.486,576.3695,139.1165,3974.757143,16467.7,0.805563631
Trifolium wildenovii,TRWIp,5,3/4/22,3.9,0.01986,0.00525,0.264350453,1.341,255.4285714,0.049,0.032,0.081,0.395061728,2.348,0.01362862,0.8615,402.7706,245.845,156.9256,4903.925,7682.65625,0.610384671
Trifolium wildenovii,TRWIp,6,3/2/22,4,0.01826,0.00448,0.245345016,1.015,226.5625,0.048,0.028,0.076,0.368421053,1.647,0.017000607,0.6535,491.1026,345.6788,145.4238,5193.707143,12345.67143,0.703883058
Trifolium wildenovii,TRWIpi,1,3/4/22,5.3,0.03512,0.00944,0.268792711,1.657,175.529661,0.076,0.041,0.117,0.35042735,1.55,0.026451613,0.5521,647.5763,447.1533,200.423,4888.365854,10906.17805,0.69050288
Trifolium wildenovii,TRWIpi,2,3/4/22,5.5,0.02698,0.00708,0.262416605,1.288,181.920904,0.065,0.032,0.097,0.329896907,1.625,0.019692308,0.5216,760.2161,613.4778,146.7383,4585.571875,19171.18125,0.806978174
Trifolium wildenovii,TRWIpi,3,3/4/22,5.1,0.02204,0.00426,0.193284936,1.198,281.2206573,0.055,0.027,0.082,0.329268293,1.629,0.016574586,0.5613,658.103,521.4692,136.6338,5060.511111,19313.67407,0.792382347
Trifolium wildenovii,TRWIpi,4,3/4/22,4.7,0.01981,0.00479,0.241797072,1.19,248.434238,0.058,0.032,0.09,0.355555556,1.542,0.02075227,0.5286,702.9215,534.3016,168.6199,5269.371875,16696.925,0.760115603
Trifolium wildenovii,TRWIpi,5,3/4/22,5.7,0.01239,0.00264,0.213075061,0.67,253.7878788,0.084,0.03,0.114,0.263157895,2.032,0.01476378,0.6803,559.0553,400.4296,158.6257,5287.523333,13347.65333,0.716261164
Trifolium wildenovii,TRWIpi,6,3/4/22,4.3,0.0128,0.00317,0.24765625,0.622,196.214511,0.058,0.045,0.103,0.436893204,2.097,0.021459227,0.8236,393.7138,235.6614,158.0524,3512.275556,5236.92,0.598560172
Trifolium wildenovii,TRWIf,1a,3/9/22,4.9,0.02038,0.00461,0.226202159,1.063,230.5856833,0.067,0.037,0.104,0.355769231,1.26,0.029365079,0.4306,865.2549,719.9414,145.3135,3927.391892,19457.87568,0.832057004
Trifolium wildenovii,TRWIf,2,3/9/22,5.2,0.01801,0.00389,0.215991116,0.701,180.2056555,0.102,0.043,0.145,0.296551724,1.577,0.027266963,0.5014,798.58,647.8243,150.7557,3505.946512,15065.6814,0.811220291
Trifolium wildenovii,TRWIf,3,3/11/22,5.5,0.0183,0.00459,0.250819672,1.056,230.0653595,0.056,0.027,0.083,0.325301205,1.721,0.015688553,0.6088,591.0644,422.7674,168.297,6233.222222,15658.05185,0.71526453
Trifolium wildenovii,TRWIf,4a,3/11/22,5.8,0.02298,0.00676,0.294168842,1.143,169.0828402,0.087,0.036,0.123,0.292682927,1.399,0.025732666,0.4541,863.4237,720.2104,143.2133,3978.147222,20005.84444,0.83413323
Trifolium wildenovii,TRWIf,5,3/11/22,5.3,0.01073,0.00244,0.227399814,0.88,360.6557377,0.1,0.046,0.146,0.315068493,1.655,0.027794562,0.4988,847.14,672.6669,174.4731,3792.893478,14623.19348,0.79404455
Trifolium wildenovii,TRWIf,6,3/11/22,4.3,0.01503,0.0036,0.239520958,0.834,231.6666667,0.124,0.044,0.168,0.261904762,1.436,0.030640669,0.4577,872.9411,722.9862,149.9549,3408.065909,16431.50455,0.828218765
Trifolium wildenovii,TRWIf,1b,3/9/22,NA,NA,NA,NA,NA,NA,0.036,0.02739,0.06339,0.43208708,not scanned,NA,NA,NA,NA,NA,NA,NA,NA
Trifolium wildenovii,TRWIf,4b,3/11/22,NA,NA,NA,NA,NA,NA,0.00736,0.00638,0.01374,0.4643377,not scanned,NA,NA,NA,NA,NA,NA,NA,NA