name,Achillea millefolium,Agoseris unknown ,Aira caryophyllea,Amsinckia mensiezii,Anagallis arvensis,Annagalis arvensis,Aphanes occidentalis,Avena barbata,Avena fatua,Brassica nigra,Briza minor,Bromus carinatus,Bromus diandrus,Bromus hordeaceus,Bromus madritensis,Carduus pycnocephalus,Castilleja attenuata,Centaurea solistitialis,Cerastium glomeratum,Chamomilla suavolens,Clarkia purpurea,Convolvulus arvensis,Crassula unknown,Cynodon dactylon,Dichelostemma capitatum,Erodium botrys,Erodium cicutarium,Erodium moschatum,Eschscholzia californica,Festuca microstachys,Festuca myuros,Filago gallica,Galium aparine,Geranium dissectum,Geranium molle,Gilia tricolor,Hordeum murinum,Hypochaeris glabra,Hypochaeris radicata,Lactuca serriola,Lasthenia californica,Leontodon uknown,Lepidium nitidum,Linum bienne,Lolium multiflorum,Lotus purshianus,Lupinus bicolor,Madia elegans,Micropus californicus,Nemophila maculata,Plagiobothrus nothfulvus,Plantago erecta,Rumex pulcher,Sanicula unknown,Sherardia arvensis,Spergularia rubra,Stipa pulchra,Taeniatherum caput-medusae,Trifolium ciliolatum,Trifolium dubium,Trifolium eriocephalum,Trifolium glomeratum,Trifolium hirtum,Trifolium pratense,Trifolium subterraneum,Trifolium wildenovii,Triteleia laxa,Vicia sativaÂ ,Vicia villosa,Vulpia bromoides,rowname
Height..cm._min,2.7,3.3,3.4,11.8,2.9,0.9,2.5,10,19.3,1.7,4.1,16.5,12.2,3.9,6.8,0.2,0.2,1.5,3.9,2.2,1.4,3.5,0.3,7.9,1.4,3.2,1.5,3.8,2.7,10.1,8.6,1.3,7.2,3.1,3.9,2.5,15,0.1,0.5,0.1,3.7,0.5,2.5,2.7,11.9,2.5,3,0.9,2,2.8,1.6,4.8,1.4,2.7,6,2.5,6.6,18,4,1.8,0.1,2.5,1.9,2.3,2.9,3.9,2.2,18.5,22.3,11.4,Height..cm._min
Height..cm._max,5.8,5.1,5.2,14.1,4.3,13,4.2,171.7,26.5,6,5.8,30,20.9,19.7,18.2,1.5,1.2,4.7,4.8,2.6,12.9,6.2,1.5,12.7,3.8,4.6,2.3,5.9,5.7,17.4,14.6,2.4,7.2,5.4,6.3,5.9,19.9,1.4,2,1.1,5.6,2.2,5.8,6.4,14.9,6.7,7.6,7.7,4,5.1,2.3,10.3,3.3,4.4,10.8,4.1,19,20.4,6.3,3.3,0.6,3.3,4,3.8,5,6.6,5,40.5,43,16.7,Height..cm._max
Height..cm._mean,3.96,4.0333,4.7167,13.25,3.68,3.3667,3.2833,40.6833,23.4667,3.575,4.85,22.15,16.4833,13.1333,10.72,0.8333,0.8333,2.82,4.3333,2.4,4.3,4.9667,0.9833,9.4333,2.36,3.675,1.7833,4.775,4.125,13.6,11.65,1.8333,7.2,4.7,4.78,4.6429,17.4333,0.7,1.1,0.54,4.5833,1.3,3.8083,4.28,13.2833,4.3,5.8667,3.4667,3.25,4.0333,2.05,7.5167,2.5667,3.78,9.2,3.0333,12.2667,19.0167,5.16,2.5833,0.25,2.8,2.9875,3.2167,3.9,4.9944,3.5,30.9833,33.85,13.2167,Height..cm._mean
Height..cm._median,3.8,3.95,4.9,13.45,3.7,1.5,3.4,15.6,23.7,3.25,4.75,23.05,16.85,13.3,9.5,0.85,1.1,2.5,4.25,2.4,2.25,5.05,1,9.05,2.2,3.45,1.65,4.7,4.05,12.75,12.05,1.8,7.2,5.15,4.6,5.1,17.2,0.4,0.95,0.6,4.5,1.35,3.65,4,13.4,3.8,6.7,2.6,3.3,4.05,2.05,7.3,2.8,3.9,10,2.8,12.95,19,5.2,2.65,0.2,2.6,3.05,3.3,3.7,5.1,3.3,30.2,34.05,12.6,Height..cm._median
Height..cm._q1,3.5,3.675,4.9,12.8,3.4,1.275,2.875,12.85,22.7,2.325,4.325,18.075,13.65,10.2,7.5,0.4,0.65,1.8,4.125,2.275,1.875,4.175,0.725,8.575,1.9,3.35,1.6,3.95,3.525,12.375,10.05,1.425,7.2,4.45,4.1,4.1,15.4,0.4,0.825,0.2,4.325,1,3.075,2.9,12.35,3.15,4.675,1.2,3.025,3.85,2,5.825,2.075,3.9,8.775,2.625,8.6,18.675,4.9,2.3,0.125,2.5,2.525,2.95,3.4,4.35,2.75,28.725,32.3,11.8,Height..cm._q1
Height..cm._q3,4,4.225,4.975,13.95,4.1,1.95,3.475,18.35,24.85,4.65,5.275,23.675,18.85,17.6,11.6,1.2,1.15,3.6,4.6,2.525,5.325,5.85,1.35,9.375,2.5,3.775,1.925,5.525,4.65,15.45,12.925,2.25,7.2,5.4,5,5.4,19.675,1.2,1.3,0.7,4.825,1.475,4.225,5.4,13.925,5.5,7.075,5.4,3.8,4.325,2.25,9.3,3.15,4,10.425,3.275,14.45,19.1,5.4,2.8,0.275,3.3,3.55,3.65,4.5,5.45,4.15,36.25,37,14,Height..cm._q3
Fresh.leaf.mass..g._min,0.0617,0.046,0.0026,0.0588,0.0281,0.0119,0.0284,0.032,0.051,0.0423,0.0145,0.024,0.049,0.0031,0.0101,0.0114,3.00E-04,0.0498,0.0386,0.0175,0.0087,0.0186,2.00E-04,0.021,0.0232,0.0565,0.0307,0.0674,0.0057,0.0023,0.0037,4.00E-04,0.0171,0.0413,0.044,0.0104,0.0329,0.0042,0.0033,0.0163,0.0083,0.0104,0.0064,3.00E-04,0.0295,0.0054,0.0268,0.0247,0.0026,0.0341,0.0306,0.0206,0.0417,0.0285,0.0043,0.0165,0.0086,0.0093,0.0291,0.0095,4.00E-04,0.0337,0.0274,0.0539,0.0479,0.0107,0.0032,0.0279,0.0133,0.0028,Fresh.leaf.mass..g._min
Fresh.leaf.mass..g._max,0.1138,0.0847,0.0035,0.077,0.0372,0.0222,0.0783,0.103,0.198,0.1305,0.2076,0.095,0.145,0.08,0.072,0.4238,0.0017,0.0745,0.0875,0.0268,0.0305,0.0721,5.00E-04,0.055,0.0736,0.0813,0.041,0.1456,0.0106,0.0182,0.009,1.883,0.0171,0.0962,0.1521,0.045,0.0961,0.0417,0.047,0.0779,0.0161,0.0551,0.0174,0.002,0.0542,0.035,0.0706,0.0948,0.0056,0.0923,0.0372,0.0877,0.3281,0.053,0.0075,0.0197,0.039,0.0163,0.054,0.0214,9.00E-04,0.0511,0.0639,0.0727,0.0937,0.0351,0.0128,0.1268,0.071,0.0052,Fresh.leaf.mass..g._max
Fresh.leaf.mass..g._mean,0.0864,0.0594,0.0029,0.071,0.0318,0.0173,0.0411,0.0667,0.1105,0.0845,0.0913,0.0518,0.091,0.0338,0.0273,0.1438,0.001,0.0628,0.0541,0.0213,0.0158,0.0437,4.00E-04,0.0332,0.0359,0.0675,0.0363,0.1039,0.0086,0.0095,0.0069,0.5395,0.0171,0.0786,0.0951,0.0245,0.0629,0.0172,0.0132,0.0402,0.0118,0.0357,0.0104,0.001,0.0429,0.0168,0.0489,0.0497,0.0044,0.0621,0.0334,0.0459,0.1803,0.0385,0.0064,0.018,0.0218,0.0129,0.0448,0.0165,6.00E-04,0.044,0.0481,0.0619,0.0683,0.0197,0.0071,0.0744,0.0407,0.0039,Fresh.leaf.mass..g._mean
Fresh.leaf.mass..g._median,0.074,0.0549,0.0029,0.0735,0.031,0.0177,0.0369,0.067,0.111,0.0855,0.0827,0.046,0.0905,0.037,0.019,0.0782,0.0012,0.0615,0.0503,0.0205,0.013,0.0436,4.00E-04,0.03,0.0293,0.0661,0.0366,0.1012,0.0091,0.0094,0.0072,0.2169,0.0171,0.0885,0.0893,0.0231,0.0617,0.0122,0.0074,0.0263,0.0116,0.0364,0.0099,9.00E-04,0.0433,0.0123,0.0533,0.0422,0.0043,0.0614,0.0328,0.0444,0.1487,0.0398,0.0068,0.0181,0.021,0.0138,0.047,0.0165,5.00E-04,0.0452,0.0487,0.0611,0.0635,0.019,0.0054,0.0786,0.036,0.0036,Fresh.leaf.mass..g._median
Fresh.leaf.mass..g._q1,0.0697,0.0508,0.0028,0.0681,0.0299,0.014,0.0308,0.0508,0.083,0.0585,0.0157,0.0315,0.066,0.0086,0.0116,0.0278,7.00E-04,0.0604,0.0404,0.0188,0.0098,0.0318,4.00E-04,0.024,0.0232,0.0586,0.0336,0.0873,0.0074,0.0059,0.0069,0.0012,0.0171,0.0756,0.0648,0.019,0.0465,0.0101,0.0041,0.0171,0.0096,0.0282,0.0089,8.00E-04,0.0393,0.0081,0.0366,0.0349,0.004,0.0382,0.031,0.0289,0.132,0.0311,0.006,0.0174,0.0126,0.0111,0.0449,0.0142,4.00E-04,0.04,0.0416,0.0567,0.0594,0.0167,0.0043,0.0498,0.0312,0.0031,Fresh.leaf.mass..g._q1
Fresh.leaf.mass..g._q3,0.113,0.0635,0.0029,0.0762,0.0328,0.0206,0.0373,0.081,0.1165,0.0986,0.1548,0.0665,0.1075,0.051,0.024,0.2455,0.0014,0.0678,0.0581,0.023,0.021,0.0533,5.00E-04,0.0382,0.0305,0.0751,0.0394,0.1178,0.0102,0.0118,0.0074,0.7972,0.0171,0.0914,0.125,0.0276,0.078,0.0177,0.0102,0.0637,0.0137,0.047,0.011,0.0012,0.0476,0.0251,0.0573,0.0608,0.0052,0.0851,0.0357,0.0615,0.2535,0.0399,0.0072,0.0184,0.0287,0.014,0.0491,0.021,8.00E-04,0.0488,0.0604,0.0659,0.0768,0.0216,0.0091,0.0906,0.0528,0.0047,Fresh.leaf.mass..g._q3
Dry.leaf.mass..g._min,0.0081,0.0098,4.00E-04,0.0085,0.0038,0.0017,0.0029,0.0073,0.0102,0.0046,0.002,0.0039,0.0072,6.00E-04,0.0019,0.0014,0,0.0062,0.0059,0.0023,8.00E-04,0.0024,0,0.0029,0.0027,0.0143,0.0091,0.0085,0.0011,0.001,8.00E-04,0,0.0015,0.0106,0.0114,0.0011,0.0082,3.00E-04,3.00E-04,0.0035,9.00E-04,0.0011,0.001,1.00E-04,0.0048,0.0016,0.0045,0.0017,4.00E-04,0.0031,0.005,0.003,0.0048,0.0031,6.00E-04,0.0017,0.003,0.0017,0.0039,0.0015,0,0.0079,0.0039,0.0106,0.0081,0.0024,6.00E-04,0.0064,0.0016,6.00E-04,Dry.leaf.mass..g._min
Dry.leaf.mass..g._max,0.0181,0.019,8.00E-04,0.0124,0.0054,0.003,0.0071,0.026,0.0307,0.0252,0.0034,0.0186,0.0234,0.0154,0.0112,0.0063,2.00E-04,0.0104,0.0084,0.0049,0.0034,0.0082,0,0.007,0.011,0.0244,0.0138,0.0301,0.0019,0.0041,0.0015,3.00E-04,0.0015,0.0279,0.0432,0.0063,0.0238,0.0046,0.009,0.0146,0.0015,0.0065,0.004,6.00E-04,0.0095,0.0097,0.0123,0.0135,0.0011,0.0161,0.0067,0.0111,0.0379,0.0096,0.002,0.0024,0.0097,0.0049,0.0115,0.0062,1.00E-04,0.0132,0.0136,0.0174,0.0171,0.0094,0.0024,0.021,0.0092,0.0013,Dry.leaf.mass..g._max
Dry.leaf.mass..g._mean,0.0115,0.0125,5.00E-04,0.0104,0.0046,0.0023,0.0051,0.0153,0.0192,0.0169,0.0025,0.0102,0.0144,0.006,0.0047,0.0032,1.00E-04,0.0088,0.007,0.0033,0.0018,0.006,0,0.0044,0.005,0.0188,0.0108,0.0217,0.0014,0.0023,0.0013,1.00E-04,0.0015,0.0223,0.0273,0.0032,0.0161,0.0017,0.0022,0.0081,0.0012,0.0042,0.0022,3.00E-04,0.0076,0.005,0.0085,0.0055,8.00E-04,0.0091,0.0058,0.0065,0.0194,0.0072,0.0015,0.0021,0.0064,0.0035,0.0092,0.0042,1.00E-04,0.0106,0.0095,0.0129,0.0118,0.0049,0.0013,0.0128,0.0055,9.00E-04,Dry.leaf.mass..g._mean
Dry.leaf.mass..g._median,0.011,0.0112,5.00E-04,0.0102,0.0045,0.0023,0.0049,0.015,0.0188,0.0171,0.0023,0.0094,0.0143,0.006,0.0037,0.0027,1.00E-04,0.0088,0.0068,0.003,0.0015,0.007,0,0.0042,0.0036,0.0183,0.0107,0.0242,0.0013,0.0023,0.0014,1.00E-04,0.0015,0.0253,0.0255,0.0031,0.0153,0.0012,0.001,0.0043,0.0013,0.0043,0.002,3.00E-04,0.0078,0.0034,0.0095,0.0044,8.00E-04,0.0083,0.006,0.0064,0.0152,0.008,0.0017,0.0021,0.0062,0.004,0.0101,0.0041,1.00E-04,0.0106,0.0116,0.0122,0.0108,0.0046,9.00E-04,0.0128,0.0054,9.00E-04,Dry.leaf.mass..g._median
Dry.leaf.mass..g._q1,0.0094,0.01,4.00E-04,0.0098,0.004,0.0022,0.0045,0.0118,0.0126,0.0124,0.002,0.0063,0.0102,0.0015,0.0023,0.0018,1.00E-04,0.0088,0.0063,0.0024,0.001,0.0047,0,0.0031,0.0032,0.016,0.0094,0.0202,0.0012,0.0015,0.0012,0,0.0015,0.0212,0.0207,0.0027,0.012,6.00E-04,6.00E-04,0.0036,0.001,0.0035,0.0017,2.00E-04,0.007,0.0027,0.006,0.0038,7.00E-04,0.0052,0.0053,0.0051,0.0125,0.0072,0.0013,0.0019,0.0042,0.0028,0.0096,0.0039,1.00E-04,0.0096,0.0061,0.0121,0.0097,0.0037,7.00E-04,0.0084,0.0042,8.00E-04,Dry.leaf.mass..g._q1
Dry.leaf.mass..g._q3,0.0111,0.0132,5.00E-04,0.011,0.0052,0.0026,0.006,0.0171,0.0244,0.0226,0.0026,0.0135,0.0173,0.0096,0.0043,0.004,1.00E-04,0.0095,0.0079,0.0038,0.0028,0.0074,0,0.0052,0.0044,0.0211,0.0115,0.0257,0.0016,0.0025,0.0014,2.00E-04,0.0015,0.0264,0.0356,0.0033,0.0211,0.0019,0.0015,0.0144,0.0014,0.0054,0.0023,4.00E-04,0.0085,0.0078,0.0104,0.0058,9.00E-04,0.0128,0.0063,0.0077,0.0277,0.0082,0.0019,0.0022,0.0087,0.0042,0.0108,0.0052,1.00E-04,0.0119,0.0119,0.0129,0.0134,0.0053,0.0016,0.0157,0.0072,0.0011,Dry.leaf.mass..g._q3
LDMC_min,0.0972,0.1867,0.1286,0.1369,0.1021,0.1065,0.0912,0.2099,0.1445,0.0844,0.0131,0.1625,0.1467,0.1465,0.1556,0.0087,0.0888,0.1248,0.0945,0.1293,0.0859,0.1142,0.0519,0.1261,0.0926,0.2528,0.2499,0.1266,0.1411,0.1972,0.166,0,0.0864,0.257,0.2587,0.1021,0.2372,0.0566,0.0943,0.1642,0.077,0.1016,0.1612,0.1967,0.1553,0.2122,0.1623,0.0693,0.1481,0.0921,0.162,0.1165,0.0755,0.0589,0.1342,0.1048,0.2487,0.1696,0.1345,0.1605,0.0377,0.2307,0.1404,0.1793,0.1635,0.1933,0.1581,0.1353,0.1229,0.203,LDMC_min
LDMC_max,0.1599,0.2241,0.2652,0.1623,0.1791,0.1802,0.167,0.2519,0.2209,0.2852,0.1652,0.2243,0.1612,0.1971,0.1955,0.1498,0.1069,0.1549,0.1592,0.1813,0.1358,0.1777,0.1095,0.1422,0.1539,0.2999,0.3433,0.2563,0.2068,0.4158,0.2233,0.1434,0.0864,0.3204,0.3185,0.1739,0.2744,0.1114,0.1921,0.227,0.1419,0.1273,0.3239,0.3234,0.2013,0.4813,0.1885,0.1426,0.1975,0.1746,0.1816,0.2056,0.1154,0.2626,0.2654,0.1263,0.3648,0.3002,0.2247,0.2914,0.3415,0.2587,0.2495,0.2395,0.1826,0.2942,0.1848,0.2307,0.1757,0.3333,LDMC_max
LDMC_mean,0.1349,0.2084,0.1682,0.1459,0.1454,0.1386,0.13,0.2285,0.1768,0.1999,0.0819,0.1955,0.1563,0.1769,0.1841,0.0667,0.0972,0.139,0.1368,0.1498,0.1129,0.1403,0.076,0.1344,0.135,0.2766,0.2983,0.2032,0.1682,0.2682,0.1883,0.0459,0.0864,0.2805,0.2862,0.13,0.2556,0.0893,0.1441,0.2014,0.1065,0.1159,0.2104,0.2801,0.1762,0.3086,0.1732,0.1058,0.1731,0.1386,0.1741,0.1496,0.1068,0.2033,0.2227,0.1151,0.3085,0.2673,0.1994,0.2466,0.2083,0.2409,0.1915,0.2083,0.172,0.2443,0.1746,0.1791,0.1365,0.2406,LDMC_mean
LDMC_median,0.1481,0.21,0.1514,0.1446,0.1568,0.1376,0.1309,0.2295,0.1704,0.2089,0.0781,0.1975,0.1579,0.1803,0.1937,0.0509,0.0959,0.1401,0.1488,0.1443,0.1128,0.1367,0.0729,0.1354,0.1433,0.2768,0.2974,0.215,0.1625,0.2403,0.1888,0.0116,0.0864,0.2722,0.2844,0.1261,0.2533,0.1014,0.1497,0.2115,0.1044,0.1167,0.1965,0.2973,0.1765,0.2908,0.172,0.0981,0.1725,0.1389,0.1762,0.1429,0.1127,0.2414,0.2456,0.1137,0.3045,0.2878,0.2129,0.2602,0.2,0.238,0.1942,0.2067,0.1705,0.2439,0.181,0.1763,0.1293,0.2291,LDMC_median
LDMC_q1,0.117,0.2069,0.1377,0.1424,0.1292,0.1266,0.1055,0.2168,0.1548,0.1618,0.0146,0.1871,0.1539,0.163,0.1804,0.0129,0.0923,0.1293,0.1245,0.1296,0.105,0.1328,0.0618,0.1298,0.1358,0.2693,0.2817,0.1866,0.1417,0.2128,0.1747,1.00E-04,0.0864,0.2658,0.284,0.1197,0.2483,0.0693,0.1309,0.188,0.0925,0.1146,0.1786,0.264,0.1662,0.2615,0.1672,0.0849,0.1533,0.1319,0.1688,0.1256,0.1103,0.2017,0.2063,0.1115,0.2841,0.2659,0.2038,0.2314,0.1648,0.2355,0.1508,0.1965,0.1691,0.2265,0.1695,0.1647,0.1253,0.2097,LDMC_q1
LDMC_q3,0.1523,0.2126,0.1724,0.1453,0.16,0.1446,0.1549,0.2354,0.196,0.236,0.1452,0.2048,0.1606,0.19,0.1953,0.1254,0.1014,0.1456,0.1518,0.1646,0.1226,0.1429,0.0864,0.1384,0.1491,0.2841,0.3181,0.2316,0.189,0.2939,0.1919,0.0874,0.0864,0.2869,0.2854,0.1342,0.2649,0.1079,0.1528,0.2162,0.118,0.1183,0.2198,0.3191,0.1828,0.3165,0.1773,0.1266,0.1941,0.1528,0.1808,0.1726,0.1145,0.252,0.262,0.1193,0.3395,0.2968,0.221,0.2756,0.2973,0.2443,0.226,0.2201,0.1742,0.2639,0.1829,0.1904,0.1356,0.2416,LDMC_q3
Leaf.Area..cm2._min,2.562,1.824,0.099,1.684,1.367,0.499,1.098,1.988,3.239,1.585,1.072,1.408,3.219,0.224,0.819,0.263,0.018,1.676,1.645,0.607,0.294,0.945,0.009,1.766,0.749,1.796,1.011,3.778,0.325,0.291,0.275,0.023,0.441,2.159,2.384,0.389,2.547,0.161,0.161,0.621,0.189,0.452,0.266,0.02,2.104,0.398,0.7,0.494,0.134,0.833,1.183,0.596,1.881,0.895,0.175,0.323,0.551,0.604,1.261,0.764,0.015,1.733,1.163,2.884,3.194,0.622,0.109,2.072,0.994,0.107,Leaf.Area..cm2._min
Leaf.Area..cm2._max,5.139,3.098,0.157,2.003,1.763,1.068,2.513,5.934,11.264,3.76,1.915,6.178,8.496,4.47,5.061,1.281,0.08,2.862,2.773,1.138,1.199,2.858,0.012,3.968,2.198,2.642,1.398,6.489,0.736,0.855,0.567,0.158,0.441,5.102,6.887,1.823,6.436,1.639,1.689,2.973,0.434,1.77,0.549,0.108,3.22,1.674,2.55,3.687,0.321,3.055,1.404,2.387,11.514,2.163,0.288,0.421,2.413,1.371,2.411,1.674,0.042,3.041,2.973,3.312,4.613,1.71,0.462,8.879,5.228,0.503,Leaf.Area..cm2._max
Leaf.Area..cm2._mean,3.5382,2.2413,0.1238,1.9285,1.5552,0.7807,1.5075,4.1087,6.6803,2.6797,1.3882,3.3398,5.4643,2.2003,2.051,0.6768,0.0543,2.0956,2.1637,0.8605,0.604,1.8405,0.0107,2.4842,1.141,2.2498,1.2433,4.9428,0.5295,0.5603,0.4077,0.0808,0.441,4.021,4.6194,0.8133,4.5632,0.6374,0.5573,1.5306,0.2967,1.1618,0.3871,0.0614,2.6182,0.8877,1.5763,1.5942,0.2533,1.9602,1.2949,1.3685,6.8372,1.6802,0.2432,0.3755,1.2985,1.0663,1.9782,1.3175,0.0243,2.3262,2.2092,3.0732,3.851,1.0469,0.2757,5.7287,2.8922,0.2868,Leaf.Area..cm2._mean
Leaf.Area..cm2._median,3.297,2.0235,0.122,1.978,1.514,0.7835,1.4055,4.185,6.949,2.831,1.259,3.013,5.3415,2.56,1.566,0.6465,0.065,1.831,2.011,0.8485,0.481,1.8685,0.011,2.2735,0.914,2.2805,1.2785,4.752,0.5285,0.576,0.407,0.0885,0.441,4.4115,4.281,0.668,4.664,0.373,0.363,1.059,0.2915,1.172,0.3845,0.057,2.6455,0.7055,1.523,1.511,0.267,1.9565,1.2865,1.324,5.828,1.637,0.255,0.377,1.2075,1.164,2.043,1.391,0.0225,2.3005,2.4755,3.036,3.785,1.0355,0.256,6.065,2.528,0.282,Leaf.Area..cm2._median
Leaf.Area..cm2._q1,2.708,1.9625,0.1158,1.9365,1.457,0.6478,1.206,3.0585,4.8135,2.0758,1.2372,2.0405,4.1688,0.648,0.911,0.3465,0.0415,1.793,1.788,0.6932,0.388,1.304,0.0102,1.8568,0.834,1.952,1.206,4.0015,0.4345,0.3945,0.3738,0.0427,0.441,3.839,3.172,0.5835,3.592,0.287,0.2048,0.771,0.2408,0.999,0.3392,0.048,2.303,0.5085,1.1375,0.9962,0.2338,1.2075,1.2141,0.9038,5.5565,1.555,0.2102,0.3735,0.7288,0.8912,1.994,1.073,0.0192,2.249,1.7173,3.0098,3.286,0.8288,0.1825,4.0548,2.0948,0.1927,Leaf.Area..cm2._q1
Leaf.Area..cm2._q3,3.985,2.4085,0.1275,1.9985,1.675,0.9065,1.464,5.304,7.4217,2.9965,1.454,4.2862,6.293,3.482,1.898,0.8973,0.0725,2.316,2.624,1.0157,0.8058,2.2575,0.011,2.748,1.01,2.5782,1.3037,5.6932,0.6235,0.6915,0.4222,0.0968,0.441,4.5935,6.373,0.823,5.541,0.727,0.5528,2.229,0.3355,1.3908,0.4132,0.074,2.8403,1.2265,1.9955,1.6362,0.298,2.7408,1.3862,1.7372,9.3365,2.151,0.288,0.3812,1.684,1.262,2.182,1.612,0.025,2.4535,2.726,3.1365,4.377,1.196,0.359,7.446,3.7255,0.3585,Leaf.Area..cm2._q3
SLA..cm2.g._min,284.394,163.2244,161.3333,161.5323,271.8284,232.093,233.28,213.0636,271.528,115.5371,529.2793,243.833,359.9121,291.0156,362.3894,159.3407,490.7975,175.8657,276.7477,234.1564,291.1765,237.2857,305.5556,524.9538,200.3646,108.412,93.6462,169.3394,277.7778,207.0218,192.3077,366.6667,297.973,158.5663,153.6077,165.7051,248.7075,300.8065,187.0432,154.2561,187.4016,255.0661,78.8732,177.7778,295.2582,151.7391,135.4808,222.929,284.9057,187.8939,200.2999,142.2619,304.0401,190.3305,146.9226,163.5965,160.9337,248.5597,197.6214,244.3018,135.7143,188.4266,193.5593,190.1263,269.6084,154.5794,191.2281,322.2395,372,183,SLA..cm2.g._min
SLA..cm2.g._max,360.3074,198.5816,348.8889,202.795,463.9474,452.5424,405.9649,336.5854,424.4944,407.5922,622.7723,416.8878,447.7051,483.5341,467.1795,289.0625,631.068,294.847,335.3083,289.9598,428.4211,385.7143,500,625.9649,337.2694,127.4676,138.1579,442.3888,493.9597,300,495.122,2800,297.973,203.4873,209.3064,366.9811,309.5008,555.1724,580.6452,245.7077,316.7883,426.4151,258.2524,333.3333,436.5145,253.5032,242.268,430.179,401.25,289.0909,240.8184,278.8551,464.0678,286.859,303.2929,197.3684,248.7629,472.9885,321.6837,499.3464,1000,255.3317,302.0779,286.673,405.679,360.6557,297.6744,622.2848,607.8341,399.2063,SLA..cm2.g._max
SLA..cm2.g._mean,309.6541,182.4014,269.5568,187.5098,348.6592,334.534,303.0029,273.1988,351.3292,180.0751,563.806,333.5988,391.758,395.9402,428.3767,216.2642,567.5036,242.4959,304.4557,268.5314,340.6651,312.2517,382.2253,566.8794,248.6642,120.721,116.4075,262.8503,375.413,260.254,333.3375,1303.642,297.973,184.2363,173.893,257.4956,289.5811,418.6697,358.9799,198.5785,242.0887,298.6749,190.5394,225.911,353.4495,194.6871,184.2512,296.2383,338.0446,229.233,223.1774,208.6695,377.0577,239.4466,187.4025,181.474,196.2745,314.9817,228.7451,339.4196,337.7489,220.6114,245.3069,242.4073,336.1698,223.9922,227.8096,448.2565,530.2685,298.7286,SLA..cm2.g._mean
SLA..cm2.g._median,300.8212,184.5664,289.1844,195.2302,325.2427,322.7228,294.3168,266.572,356.4658,161.3266,549.5408,333.0111,373.5721,417.5635,438.3372,199.4488,580.6452,263.1818,303.5033,275.0048,333.3819,303.4971,385.3073,552.0005,231.1213,123.5022,117.401,219.8364,364.9573,272.1301,338.6364,885,297.973,187.4458,167.9482,265.0794,299.8949,380.6283,362.1901,202.9352,235.3002,277.7782,190.9225,194.7368,349.1084,184.4481,183.2963,288.6615,326.3889,221.7464,224.202,213.6921,384.7576,227.9944,149.6974,182.5116,192.4154,291.8999,209.8346,317.068,166.6667,225.1915,238.2004,249.4205,328.9392,228.3139,194.5263,421.7878,557.2828,315.2286,SLA..cm2.g._median
SLA..cm2.g._q1,288.3919,178.4874,220.113,177.6197,303.7778,297.6105,243.4323,256.2378,325.3708,140.4641,535.8803,318.361,364.3121,361.2033,422.1024,172.9952,535.7214,204.447,281.701,259.0898,296.6483,297.0793,338.0708,538.1346,209.8039,118.0286,105.5771,204.0746,307.012,228.7524,270.3578,656.3889,297.973,172.7832,159.3844,218.1732,276.6449,353.2328,299.0296,176.4205,214.6429,259.5056,166.3488,186.2069,314.587,172.2154,155.7613,251.4963,314.8875,194.616,220.1445,190.5657,342.6471,224.8441,146.991,177.3736,184.3246,279.9295,201.106,275.8355,136.3636,203.0049,224.8829,227.5228,327.13,180.6345,192.8772,402.5361,497.102,220.3869,SLA..cm2.g._q1
SLA..cm2.g._q3,314.3558,186.398,321.0417,197.6986,378.5,371.593,346.3301,294.3482,377.1277,188.6869,581.8733,354.2818,419.3139,424.5439,451.875,257.8284,605.8566,274.1379,325.8045,284.4465,365.6339,337.3063,392.4689,597.6332,264.7619,126.1946,127.0024,278.612,433.3584,289.9939,375.4525,1950,297.973,198.8989,179.2182,284.1784,307.9191,503.5088,378.4237,213.5734,261.3137,295.6422,231.8755,237.5,377.9976,215.4966,206.761,336.4215,365.3074,257.4475,229.1132,225.6078,393.2741,267.205,190.1089,186.024,199.2226,304.4272,213.4796,382.8979,250,234.2708,280.0075,256.2903,349.4922,252.4495,246.1004,484.437,596.9479,372.0082,SLA..cm2.g._q3
Shoot.dry.biomass..g._min,0.028,0.112,0.0015,0.208,0.0325,0.0103,0.0481,0.013,0.051,0.0073,0.0069,0.008,0.017,0.0018,0.0043,0.0098,0.0014,0.036,0.1022,0.027,0.0037,0.025,0.0035,0.0046,0.015,0.199,0.0972,0.0267,0.008,0.0056,0.014,0.0014,0.035,0.0393,0.073,0.0058,0.0966,0.0016,0.001,0.0097,0.005,0.0048,0.013,0.0035,0.1433,0.024,0.041,0.0084,0.0066,0.053,0.125,0.0363,0.0109,0.013,0.016,0.06,0.0048,0.0186,0.0205,0.0036,3.00E-04,0.03,0.027,0.0704,0.0906,0.0074,6.00E-04,0.1681,0.02,0.001,Shoot.dry.biomass..g._min
Shoot.dry.biomass..g._max,0.064,0.1801,0.0041,0.261,0.0907,0.014,0.19,0.058,0.094,0.089,0.0277,0.048,0.108,0.065,0.0403,0.02,0.0018,0.081,0.1404,0.103,0.039,0.071,0.0157,0.019,0.073,0.324,0.2081,0.137,0.025,0.053,0.059,0.0037,0.035,0.1421,0.2059,0.047,0.1927,0.022,0.027,0.059,0.022,0.041,0.039,0.017,0.208,0.088,0.128,0.084,0.083,0.141,0.162,0.127,0.169,0.041,0.1,0.083,0.0331,0.042,0.101,0.041,0.0014,0.0747,0.116,0.127,0.1583,0.138,0.0024,0.769,0.589,0.019,Shoot.dry.biomass..g._max
Shoot.dry.biomass..g._mean,0.0426,0.1361,0.0023,0.2373,0.0615,0.0121,0.0996,0.0347,0.065,0.0618,0.015,0.0243,0.0567,0.0244,0.0146,0.0158,0.0016,0.0644,0.1178,0.0542,0.0163,0.0497,0.0081,0.0101,0.0286,0.2425,0.1605,0.1058,0.0134,0.0233,0.0307,0.0022,0.035,0.1014,0.1414,0.026,0.1494,0.0091,0.0059,0.029,0.0128,0.029,0.0228,0.0082,0.1741,0.053,0.077,0.0303,0.0419,0.0981,0.1417,0.0732,0.0898,0.0288,0.0715,0.0722,0.0155,0.0274,0.0777,0.0246,6.00E-04,0.0474,0.0629,0.0896,0.1209,0.0705,0.0013,0.4013,0.2955,0.013,Shoot.dry.biomass..g._mean
Shoot.dry.biomass..g._median,0.043,0.1336,0.0018,0.2385,0.0683,0.012,0.09,0.034,0.0595,0.065,0.0127,0.0225,0.0492,0.019,0.0112,0.0165,0.0016,0.066,0.1167,0.0435,0.0104,0.0525,0.0078,0.0088,0.018,0.2235,0.168,0.1298,0.0103,0.018,0.0285,0.0015,0.035,0.1122,0.162,0.025,0.1555,0.0036,0.0018,0.031,0.0135,0.0315,0.022,0.0066,0.1745,0.043,0.0705,0.023,0.035,0.1034,0.14,0.0682,0.0832,0.031,0.0849,0.0735,0.0157,0.0239,0.093,0.0265,5.00E-04,0.0465,0.059,0.0831,0.1064,0.066,9.00E-04,0.3728,0.2945,0.016,Shoot.dry.biomass..g._median
Shoot.dry.biomass..g._q1,0.033,0.1212,0.0015,0.231,0.0406,0.011,0.0636,0.0253,0.0517,0.0516,0.0109,0.0168,0.0285,0.0066,0.0052,0.0119,0.0015,0.062,0.1079,0.0278,0.0061,0.0412,0.0048,0.0075,0.017,0.2005,0.1329,0.1033,0.0084,0.0125,0.0202,0.0014,0.035,0.0919,0.09,0.0215,0.1355,0.0022,0.0015,0.0121,0.0078,0.028,0.0177,0.004,0.1528,0.0358,0.0435,0.0172,0.0222,0.0612,0.1315,0.0499,0.0528,0.027,0.0639,0.066,0.0078,0.0191,0.0758,0.016,4.00E-04,0.0312,0.04,0.078,0.1063,0.055,7.00E-04,0.1995,0.1565,0.0098,Shoot.dry.biomass..g._q1
Shoot.dry.biomass..g._q3,0.045,0.1386,0.0028,0.2468,0.0756,0.0132,0.1162,0.0435,0.0725,0.0792,0.0168,0.0282,0.0838,0.0329,0.0122,0.02,0.0017,0.077,0.1236,0.07,0.0243,0.0578,0.0096,0.0114,0.02,0.2655,0.1922,0.1323,0.0153,0.0306,0.0345,0.0031,0.035,0.1217,0.176,0.0305,0.1644,0.016,0.0025,0.033,0.0163,0.0365,0.025,0.01,0.1925,0.0757,0.1058,0.034,0.0642,0.1315,0.1508,0.0907,0.133,0.032,0.0925,0.078,0.018,0.0347,0.098,0.034,5.00E-04,0.0555,0.0805,0.0942,0.1428,0.0847,0.0016,0.531,0.422,0.0177,Shoot.dry.biomass..g._q3
Root.dry.biomass..g._min,0.017,0.074,8.00E-04,0.071,0.02,0.004,0.02,0.039,0.077,0.007,0.0054,0.0153,0.047,0.0049,0.0131,0.0039,0,0.05,0.048,0.024,0.003,0.016,0,0.0082,0.0047,0.097,0.035,0.0077,0.0024,0.0076,0.018,0.001,0.024,0.028,0.036,0.0092,0.117,0.0014,0.0013,0.0048,0.0034,0.0034,0.01,0.0028,0.21,0.013,0.018,0.006,0.006,0.023,0.077,0.033,0.019,0.017,0.0102,0.028,0.0182,0.024,0.0058,0.002,1.00E-04,0.02,0.017,0.0284,0.046,0.0064,2.00E-04,0.048,0.007,0.006,Root.dry.biomass..g._min
Root.dry.biomass..g._max,0.065,0.097,0.0077,0.107,0.086,0.0164,0.079,0.109,0.261,0.06,0.024,0.089,0.2389,0.0944,0.093,0.14,5.00E-04,0.098,0.102,0.074,0.04,0.126,0.0011,0.0396,0.034,0.103,0.125,0.101,0.0104,0.037,0.061,0.0017,0.024,0.103,0.1,0.038,0.206,0.018,0.0268,0.0178,0.012,0.024,0.029,0.0143,0.276,0.039,0.055,0.124,0.049,0.063,0.114,0.073,0.759,0.029,0.0628,0.04,0.06,0.0509,0.044,0.028,3.00E-04,0.027,0.042,0.056,0.061,0.046,0.0032,0.13,0.1465,0.026,Root.dry.biomass..g._max
Root.dry.biomass..g._mean,0.0368,0.0868,0.0025,0.0877,0.0464,0.0093,0.0385,0.073,0.1568,0.0404,0.0126,0.0399,0.1437,0.0379,0.0357,0.0215,3.00E-04,0.082,0.0715,0.045,0.0166,0.0824,5.00E-04,0.0177,0.0142,0.1012,0.0787,0.0679,0.006,0.019,0.0354,0.0013,0.024,0.0772,0.059,0.029,0.1623,0.0062,0.0128,0.0106,0.0072,0.0179,0.0171,0.0077,0.2439,0.0247,0.0358,0.0323,0.0232,0.0371,0.097,0.0558,0.3197,0.0208,0.0443,0.0348,0.0376,0.0367,0.0284,0.0182,2.00E-04,0.0228,0.027,0.0384,0.0514,0.0335,0.0015,0.0835,0.0765,0.0153,Root.dry.biomass..g._mean
Root.dry.biomass..g._median,0.033,0.0875,0.0016,0.089,0.045,0.0091,0.0355,0.059,0.1403,0.041,0.0105,0.0317,0.1398,0.026,0.0267,0.011,3.00E-04,0.089,0.074,0.041,0.0115,0.0963,5.00E-04,0.0149,0.0094,0.1025,0.0785,0.0815,0.0056,0.0158,0.033,0.0012,0.024,0.089,0.044,0.033,0.1575,0.0032,0.0092,0.0109,0.0064,0.0195,0.0165,0.0066,0.2455,0.0205,0.035,0.023,0.0205,0.0305,0.101,0.059,0.23,0.02,0.052,0.0355,0.0365,0.0362,0.031,0.0205,1.00E-04,0.0215,0.0265,0.0365,0.047,0.032,0.0011,0.0755,0.0742,0.016,Root.dry.biomass..g._median
Root.dry.biomass..g._q1,0.029,0.085,0.001,0.0768,0.021,0.0055,0.0248,0.053,0.1266,0.0385,0.0081,0.0244,0.0903,0.0099,0.0132,0.006,2.00E-04,0.084,0.056,0.027,0.0046,0.0506,1.00E-04,0.0097,0.006,0.1008,0.0538,0.0627,0.0043,0.0101,0.0222,0.0011,0.024,0.064,0.042,0.0255,0.147,0.0023,0.0037,0.0067,0.0041,0.0181,0.0138,0.0049,0.215,0.02,0.0267,0.0158,0.0165,0.0261,0.0837,0.0495,0.1013,0.017,0.0386,0.0312,0.0241,0.0302,0.024,0.013,1.00E-04,0.021,0.018,0.0318,0.047,0.028,7.00E-04,0.0548,0.0603,0.009,Root.dry.biomass..g._q1
Root.dry.biomass..g._q3,0.04,0.09,0.0025,0.0952,0.06,0.0118,0.0388,0.105,0.1854,0.0448,0.015,0.0451,0.2023,0.058,0.0322,0.0155,4.00E-04,0.089,0.0792,0.059,0.0255,0.1175,9.00E-04,0.0192,0.0167,0.103,0.1018,0.0867,0.0073,0.0263,0.0447,0.0015,0.024,0.1022,0.073,0.036,0.1838,0.006,0.0236,0.0128,0.0104,0.0224,0.0203,0.0098,0.2725,0.0315,0.0448,0.0322,0.026,0.046,0.1085,0.0643,0.5238,0.021,0.0577,0.039,0.0501,0.0424,0.037,0.025,2.00E-04,0.026,0.0315,0.0412,0.056,0.0415,0.0021,0.112,0.0947,0.02,Root.dry.biomass..g._q3
Total.biomass..g._min,0.06,0.1926,0.0023,0.301,0.0535,0.0151,0.0681,0.052,0.128,0.0143,0.0123,0.0233,0.064,0.0067,0.0174,0.0158,0.0014,0.086,0.1502,0.052,0.0067,0.041,0.0036,0.0132,0.0197,0.296,0.1322,0.0344,0.0104,0.0132,0.032,0.0026,0.059,0.0673,0.109,0.015,0.2136,0.0031,0.0023,0.0164,0.0104,0.0082,0.023,0.0063,0.3547,0.037,0.063,0.0144,0.0126,0.076,0.202,0.071,0.0299,0.03,0.0262,0.092,0.0234,0.0426,0.0263,0.0056,4.00E-04,0.0522,0.045,0.1014,0.1366,0.0137,8.00E-04,0.2191,0.027,0.007,Total.biomass..g._min
Total.biomass..g._max,0.129,0.2771,0.0107,0.368,0.1767,0.0304,0.269,0.151,0.326,0.149,0.0517,0.137,0.3328,0.1444,0.1333,0.16,0.0022,0.17,0.2174,0.177,0.075,0.197,0.0168,0.0586,0.107,0.426,0.3229,0.238,0.0355,0.09,0.12,0.0053,0.059,0.2441,0.3059,0.085,0.3987,0.04,0.0412,0.0768,0.034,0.064,0.065,0.0312,0.483,0.124,0.183,0.208,0.132,0.185,0.269,0.2,0.9049,0.061,0.156,0.122,0.0931,0.0929,0.145,0.069,9.00E-04,0.1017,0.155,0.183,0.2193,0.182,0.0056,0.899,0.7355,0.044,Total.biomass..g._max
Total.biomass..g._mean,0.0794,0.2229,0.0048,0.325,0.1079,0.0214,0.1381,0.103,0.2218,0.1022,0.0276,0.0642,0.2005,0.0623,0.0503,0.0373,0.0019,0.1464,0.1893,0.0993,0.0329,0.1321,0.0086,0.0278,0.0428,0.3438,0.2391,0.1737,0.0194,0.0424,0.066,0.0035,0.059,0.1787,0.2004,0.055,0.3117,0.0153,0.0187,0.0395,0.02,0.0469,0.0399,0.0159,0.4179,0.0777,0.1128,0.0626,0.0651,0.1353,0.2387,0.129,0.4094,0.0496,0.1157,0.107,0.0531,0.064,0.106,0.0428,6.00E-04,0.0703,0.0899,0.128,0.1723,0.104,0.0028,0.4848,0.372,0.0283,Total.biomass..g._mean
Total.biomass..g._median,0.062,0.2214,0.0034,0.318,0.1206,0.0209,0.126,0.085,0.1985,0.1165,0.0232,0.0502,0.189,0.045,0.039,0.0249,0.002,0.16,0.1972,0.084,0.0207,0.1488,0.0083,0.0237,0.0295,0.3265,0.2629,0.2113,0.0159,0.0382,0.067,0.0026,0.059,0.2017,0.206,0.061,0.3135,0.0068,0.0175,0.0419,0.0187,0.0518,0.0385,0.0132,0.4175,0.0635,0.1045,0.0445,0.0555,0.1439,0.241,0.1264,0.3132,0.048,0.1404,0.1075,0.0522,0.0647,0.122,0.047,6.00E-04,0.0675,0.086,0.1195,0.1533,0.1,0.002,0.4483,0.3681,0.033,Total.biomass..g._median
Total.biomass..g._q1,0.061,0.2025,0.0026,0.3027,0.0606,0.0163,0.0883,0.078,0.1898,0.0925,0.019,0.0455,0.1188,0.0162,0.0184,0.0209,0.0017,0.15,0.1646,0.0542,0.0121,0.0919,0.0049,0.0169,0.024,0.302,0.1904,0.1659,0.0127,0.033,0.049,0.0026,0.059,0.1559,0.132,0.0475,0.2868,0.0044,0.0059,0.0168,0.0142,0.0469,0.032,0.0088,0.3703,0.056,0.0683,0.0338,0.04,0.0873,0.234,0.0951,0.154,0.048,0.1025,0.0985,0.0316,0.0525,0.1068,0.029,5.00E-04,0.056,0.0577,0.1079,0.1533,0.0828,0.0014,0.252,0.2174,0.0192,Total.biomass..g._q1
Total.biomass..g._q3,0.085,0.227,0.0061,0.34,0.1283,0.0249,0.1545,0.149,0.2694,0.1206,0.0318,0.073,0.2967,0.0909,0.0435,0.0355,0.0021,0.166,0.2143,0.129,0.0508,0.1753,0.0104,0.0307,0.0337,0.3682,0.2814,0.2191,0.0226,0.0421,0.0672,0.0046,0.059,0.2245,0.249,0.0645,0.3433,0.022,0.0283,0.0458,0.024,0.058,0.0458,0.0198,0.4648,0.1092,0.1505,0.0663,0.089,0.1818,0.2458,0.1508,0.6741,0.061,0.1536,0.115,0.068,0.0693,0.13,0.059,7.00E-04,0.0765,0.112,0.1355,0.1988,0.1185,0.0038,0.643,0.5167,0.037,Total.biomass..g._q3
RMF_min,0.2833,0.3501,0.3233,0.2351,0.3303,0.2654,0.2405,0.6795,0.6016,0.3188,0.4229,0.4889,0.673,0.539,0.6865,0.185,0.0072,0.5235,0.3195,0.4181,0.363,0.3902,4.00E-04,0.5321,0.2397,0.2394,0.2544,0.2243,0.2285,0.2119,0.4419,0.312,0.4068,0.4099,0.2136,0.4471,0.4717,0.2727,0.3443,0.2316,0.1893,0.3273,0.3036,0.4418,0.5694,0.2846,0.2857,0.3636,0.2755,0.1943,0.3448,0.365,0.5722,0.3279,0.359,0.2642,0.6445,0.4492,0.1967,0.3591,0.1171,0.2654,0.2516,0.2662,0.2781,0.2418,0.2674,0.1446,0.176,0.4412,RMF_min
RMF_max,0.541,0.4315,0.7199,0.309,0.4867,0.5396,0.3056,0.75,0.8006,0.5172,0.4779,0.6804,0.7647,0.7361,0.7552,0.875,0.2143,0.6125,0.4696,0.5091,0.593,0.6742,0.0974,0.6758,0.4952,0.3388,0.3871,0.4244,0.3698,0.7073,0.7173,0.4492,0.4068,0.4727,0.3303,0.6116,0.5477,0.5135,0.949,0.4067,0.6274,0.4251,0.4792,0.5504,0.5995,0.3636,0.4028,0.5962,0.4773,0.3424,0.4615,0.5932,0.8388,0.5667,0.4111,0.367,0.8098,0.683,0.3034,0.4483,0.3737,0.4643,0.3995,0.3071,0.3366,0.4643,0.5732,0.2328,0.3378,0.8571,RMF_max
RMF_mean,0.4533,0.3918,0.4572,0.269,0.41,0.4103,0.2789,0.71,0.6931,0.4052,0.4504,0.6146,0.7283,0.6157,0.7198,0.4326,0.1282,0.5627,0.3724,0.4666,0.4829,0.5835,0.0531,0.6225,0.3247,0.3003,0.3189,0.3551,0.3091,0.4751,0.5358,0.391,0.4068,0.4291,0.2964,0.5422,0.5221,0.4346,0.6742,0.2921,0.3738,0.3877,0.4313,0.4884,0.5842,0.3274,0.3289,0.4874,0.386,0.2794,0.4053,0.4472,0.7171,0.4323,0.3839,0.3258,0.729,0.5764,0.259,0.4181,0.2705,0.34,0.3142,0.2987,0.3019,0.3382,0.4673,0.1866,0.2281,0.5733,RMF_mean
RMF_median,0.4706,0.3894,0.4092,0.2683,0.3925,0.4321,0.2823,0.7047,0.7032,0.3982,0.4504,0.6363,0.7309,0.6083,0.7184,0.3982,0.1633,0.56,0.3648,0.4697,0.4958,0.6359,0.0527,0.6364,0.3178,0.3114,0.3141,0.3858,0.319,0.4884,0.5079,0.4118,0.4068,0.4169,0.3182,0.5385,0.5302,0.4647,0.6241,0.2793,0.3891,0.4009,0.4419,0.4949,0.5848,0.3329,0.2999,0.5186,0.4018,0.2865,0.3952,0.4357,0.7355,0.4375,0.3828,0.3281,0.7269,0.5813,0.2846,0.4278,0.3207,0.3208,0.3115,0.3047,0.3065,0.3296,0.5612,0.1841,0.2059,0.5419,RMF_median
RMF_q1,0.4677,0.381,0.3636,0.2462,0.373,0.3356,0.2694,0.6941,0.6363,0.365,0.4332,0.5976,0.7203,0.5778,0.6976,0.3797,0.0852,0.5361,0.3331,0.4507,0.434,0.5378,0.0371,0.6053,0.25,0.2812,0.2685,0.3451,0.2782,0.3858,0.4851,0.337,0.4068,0.4145,0.2932,0.522,0.5195,0.45,0.5732,0.2608,0.2439,0.3683,0.4273,0.4573,0.5726,0.2992,0.2974,0.4181,0.3105,0.247,0.384,0.3782,0.6563,0.3542,0.3712,0.3205,0.6939,0.5516,0.22,0.4058,0.2189,0.2663,0.2632,0.3036,0.2817,0.3007,0.4143,0.1613,0.1877,0.4828,RMF_q1
RMF_q3,0.5039,0.4067,0.5022,0.288,0.4676,0.4748,0.2938,0.7219,0.728,0.445,0.4676,0.6547,0.7482,0.6379,0.7414,0.5006,0.1888,0.5814,0.386,0.4857,0.5369,0.6539,0.0755,0.6536,0.3209,0.3305,0.3715,0.3957,0.3498,0.5742,0.549,0.4399,0.4068,0.4316,0.3269,0.5771,0.5351,0.4721,0.8666,0.2822,0.4365,0.4112,0.46,0.4973,0.5947,0.3548,0.3662,0.5359,0.4601,0.3215,0.4401,0.4934,0.777,0.4754,0.3955,0.3442,0.7689,0.6117,0.2903,0.44,0.3472,0.4023,0.3454,0.3059,0.3066,0.3589,0.5672,0.2112,0.2476,0.5813,RMF_q3
Root.volume..cm3._min,1.306,1.888,1.178,2.201,1.252,0.925,1.989,1.034,1.666,1.397,1.051,0.667,1.462,0.864,0.932,1.151,2.205,2.264,1.506,1.058,0.958,1.713,1.764,1.013,0.958,2.039,1.364,1.221,1.013,0.451,1.113,0.961,1.439,1.206,1.247,1.018,1.701,0.83,0.807,0.879,0.761,1.055,0.772,0.967,3.586,1.579,1.718,1.112,0.908,1.304,1.92,1.41,0.982,1.309,1.048,1.013,0.895,0.985,1.419,1.093,2.287,1.155,1.33,1.442,1.822,1.26,1.939,1.923,1.701,0.865,Root.volume..cm3._min
Root.volume..cm3._max,2.073,3.013,2.141,3.554,2.158,2.315,4.098,2.432,4.37,2.519,1.842,2.045,5.812,2.765,2.26,1.426,2.531,2.815,3.695,2.17,3.196,2.076,2.289,2.211,1.902,2.407,2.639,2.145,1.356,2.044,2.599,1.379,1.439,2.919,2.928,2.076,3.696,1.462,1.804,1.274,1.392,1.905,1.424,1.525,4.785,2.374,2.59,3.022,1.76,2.315,2.384,2.446,2.908,1.695,2.447,1.498,1.767,1.28,1.729,1.612,2.842,1.428,1.651,1.959,2.159,2.348,2.589,3.427,4.053,1.561,Root.volume..cm3._max
Root.volume..cm3._mean,1.5636,2.3673,1.5082,2.7787,1.677,1.4675,2.7598,1.6713,2.9355,1.9142,1.4785,1.192,3.386,1.7153,1.395,1.2875,2.357,2.5802,2.4305,1.5875,1.515,1.8778,2.158,1.4065,1.2994,2.2165,2.0167,1.6913,1.2007,1.513,1.7378,1.2067,1.439,2.1633,2.1024,1.3854,2.6585,1.085,1.1012,1.1104,1.0917,1.2882,0.9582,1.2218,4.1433,2.096,2.154,1.6261,1.2702,1.7625,2.2108,2.017,1.893,1.4728,1.811,1.2393,1.1508,1.0947,1.597,1.3713,2.4497,1.2717,1.5007,1.6183,1.9774,1.6612,2.2323,2.6397,2.8343,1.1502,Root.volume..cm3._mean
Root.volume..cm3._median,1.516,2.333,1.368,2.809,1.816,1.4075,2.576,1.672,2.6935,1.8555,1.5105,1.1195,3.2205,1.63,1.226,1.2805,2.335,2.546,2.4465,1.561,1.1725,1.859,2.239,1.2445,1.197,2.21,1.939,1.6995,1.217,1.6545,1.461,1.28,1.439,2.264,2.172,1.355,2.4855,1.002,0.9395,1.141,1.026,1.119,0.825,1.197,4.0975,2.1785,2.229,1.4785,1.2325,1.6815,2.2795,2.097,1.674,1.475,1.8745,1.2405,1.054,1.06,1.603,1.3605,2.335,1.2475,1.551,1.5245,1.947,1.627,2.169,2.6515,2.727,1.12,Root.volume..cm3._median
Root.volume..cm3._q1,1.359,2.1317,1.2815,2.4795,1.304,1.3127,2.5125,1.0925,2.2918,1.4668,1.3855,0.9045,2.2105,0.95,1.162,1.18,2.27,2.514,1.8925,1.235,1.1075,1.7403,2.1595,1.1855,1.092,2.0502,1.7085,1.4678,1.082,1.54,1.3655,1.0408,1.439,1.9627,1.984,1.2005,2.2982,0.841,0.847,0.99,0.9838,1.0705,0.8082,1.173,3.776,2.0158,1.8573,1.3773,1.0595,1.5485,2.0938,1.7792,1.458,1.395,1.5902,1.117,0.905,1.0257,1.526,1.191,2.3223,1.168,1.4017,1.467,1.889,1.544,2.054,2.1173,2.3615,0.9398,Root.volume..cm3._q1
Root.volume..cm3._q3,1.564,2.5125,1.648,2.8992,1.855,1.4535,2.7655,2.157,3.6975,2.3712,1.6035,1.306,4.3505,2.371,1.395,1.407,2.433,2.762,2.6975,1.9135,1.6538,2.0092,2.2728,1.4813,1.348,2.3763,2.4253,1.923,1.3357,1.7428,2.2098,1.3543,1.439,2.4645,2.181,1.424,3.1317,1.29,1.2105,1.268,1.288,1.3872,1.0337,1.247,4.4933,2.273,2.3758,1.6943,1.4227,1.987,2.3475,2.2905,2.469,1.49,2.0952,1.3362,1.2233,1.1415,1.708,1.611,2.4625,1.384,1.5645,1.7403,2.07,1.6918,2.379,3.0972,3.3505,1.2965,Root.volume..cm3._q3
Root.density..g.cm3._min,0.0112,0.0322,5.00E-04,0.027,0.0153,0.0022,0.0076,0.0377,0.0446,0.0048,0.0051,0.0163,0.0321,0.0052,0.0107,0.0027,0,0.0221,0.0276,0.0216,0.0027,0.0093,0,0.0071,0.0049,0.0428,0.0211,0.0063,0.0021,0.0044,0.0131,8.00E-04,0.0167,0.0232,0.0193,0.009,0.0557,0.0011,7.00E-04,0.0037,0.0035,0.0031,0.0091,0.0018,0.0554,0.0066,0.0105,0.0054,0.0066,0.0129,0.0379,0.0159,0.0132,0.0115,0.0098,0.0227,0.0203,0.0234,0.0036,0.0012,0,0.0159,0.0135,0.0191,0.0213,0.0136,1.00E-04,0.0219,0.0041,0.0045,Root.density..g.cm3._min
Root.density..g.cm3._max,0.0314,0.0427,0.0045,0.0371,0.0399,0.0117,0.0193,0.0507,0.0667,0.0327,0.016,0.0473,0.0526,0.0341,0.0412,0.0982,2.00E-04,0.039,0.0321,0.0341,0.022,0.0622,5.00E-04,0.0255,0.0252,0.0497,0.0474,0.0523,0.0077,0.0213,0.0322,0.0013,0.0167,0.046,0.0342,0.028,0.0688,0.0214,0.0313,0.0202,0.0121,0.0196,0.0358,0.0122,0.0634,0.0182,0.023,0.041,0.0278,0.0307,0.0502,0.0372,0.261,0.0195,0.0283,0.0323,0.0461,0.0438,0.0258,0.0175,1.00E-04,0.0209,0.0268,0.0286,0.0307,0.0306,0.0015,0.0386,0.0361,0.0236,Root.density..g.cm3._max
Root.density..g.cm3._mean,0.0229,0.0372,0.0016,0.0318,0.0259,0.0069,0.0137,0.0462,0.0532,0.0215,0.0084,0.0329,0.0413,0.0186,0.023,0.0159,1.00E-04,0.0316,0.0297,0.027,0.0098,0.0428,2.00E-04,0.0124,0.0105,0.0459,0.0377,0.0375,0.005,0.0134,0.0205,0.0011,0.0167,0.0344,0.0276,0.0207,0.0621,0.0069,0.0131,0.0102,0.0065,0.014,0.0192,0.0067,0.0588,0.0118,0.0162,0.0173,0.0171,0.0207,0.0437,0.0279,0.1411,0.0141,0.0227,0.0283,0.0319,0.0332,0.0179,0.0136,1.00E-04,0.018,0.0199,0.0235,0.0261,0.0218,7.00E-04,0.0307,0.025,0.0141,Root.density..g.cm3._mean
Root.density..g.cm3._median,0.0243,0.0369,0.001,0.0316,0.0243,0.008,0.0143,0.0478,0.0502,0.0231,0.0062,0.0361,0.0391,0.016,0.0231,0.009,1.00E-04,0.0316,0.0292,0.0261,0.0098,0.0507,2.00E-04,0.0095,0.0079,0.0456,0.0401,0.0457,0.005,0.0137,0.0198,0.0012,0.0167,0.0341,0.0289,0.0219,0.0633,0.0032,0.0081,0.01,0.0057,0.0158,0.0184,0.0055,0.0586,0.0109,0.0153,0.016,0.0178,0.0207,0.0433,0.0289,0.1393,0.013,0.0264,0.0287,0.0323,0.032,0.0218,0.0172,1.00E-04,0.0177,0.0198,0.0233,0.0249,0.0211,6.00E-04,0.0304,0.0269,0.0133,Root.density..g.cm3._median
Root.density..g.cm3._q1,0.0222,0.0338,7.00E-04,0.0294,0.0168,0.0039,0.0091,0.0448,0.0457,0.0168,0.0057,0.021,0.0362,0.0105,0.0114,0.0052,1.00E-04,0.0304,0.0285,0.0224,0.004,0.0279,1.00E-04,0.0083,0.0055,0.0433,0.036,0.0348,0.0034,0.0091,0.0143,9.00E-04,0.0167,0.0304,0.0222,0.0192,0.0585,0.0016,0.0044,0.0058,0.0045,0.0134,0.0118,0.0039,0.0569,0.0089,0.0139,0.0119,0.0131,0.0181,0.0405,0.0234,0.0772,0.0124,0.0217,0.026,0.0247,0.0295,0.0139,0.0109,0,0.0173,0.0166,0.0207,0.0241,0.0171,3.00E-04,0.0259,0.0219,0.008,Root.density..g.cm3._q1
Root.density..g.cm3._q3,0.0256,0.0404,0.0019,0.0339,0.033,0.0087,0.0182,0.0498,0.0599,0.0274,0.0089,0.0432,0.0471,0.0262,0.0287,0.0112,2.00E-04,0.035,0.0314,0.0307,0.013,0.0603,5.00E-04,0.0133,0.0088,0.0481,0.0423,0.0484,0.0066,0.0181,0.0243,0.0013,0.0167,0.038,0.0336,0.0239,0.0644,0.0072,0.0224,0.0111,0.0075,0.0167,0.0248,0.0101,0.0602,0.0146,0.0188,0.0198,0.0204,0.0216,0.047,0.0312,0.2127,0.0143,0.0274,0.0315,0.0367,0.0374,0.0242,0.0174,1.00E-04,0.0182,0.0231,0.0261,0.0295,0.0263,0.001,0.0365,0.0334,0.0209,Root.density..g.cm3._q3
Coarse.root.diameter..mm._min,0.4341,0.3519,0.934,0.4178,0.3846,0.5345,0.6569,0.39,0.4762,0.3888,0.5996,0.2949,0.602,0.5067,0.3838,0.6086,1.4632,0.4642,0.4998,0.3568,0.4338,0.6837,1.2165,0.4878,0.5782,0.4398,0.4566,0.3904,0.6211,0.3812,0.5409,0.8125,0.5126,0.327,0.3495,0.3984,0.3775,0.3135,0.521,0.4419,0.4875,0.4199,0.3107,0.6611,0.5117,0.6748,0.7268,0.4451,0.398,0.4447,0.3652,0.3812,0.4096,0.6694,0.4411,0.4132,0.3948,0.3702,0.4367,0.4631,1.6213,0.405,0.441,0.4518,0.4801,0.4306,1.4641,0.5226,0.6612,0.3564,Coarse.root.diameter..mm._min
Coarse.root.diameter..mm._max,0.5973,0.6746,1.2991,0.8094,0.4953,1.1835,1.5978,0.6013,0.8664,1.0365,1.0013,0.6405,1.1022,1.0761,0.6781,1.0671,1.5822,0.5447,0.6479,0.4457,1.3056,0.991,1.605,0.9525,0.9966,0.495,0.6933,0.7091,0.9245,1.0527,0.9959,1.0696,0.5126,0.6509,0.5554,0.787,0.8055,0.9762,1.2547,0.7541,0.8561,0.8161,0.6556,1.0789,0.6827,1.0558,0.927,0.65,0.6527,0.5571,0.4723,0.7607,0.6564,0.9208,0.6035,0.493,0.7822,0.4531,0.8789,0.9974,1.9117,0.4852,0.624,0.5697,0.5782,0.8615,1.8915,0.7014,1.0365,0.9164,Coarse.root.diameter..mm._max
Coarse.root.diameter..mm._mean,0.4793,0.489,1.0736,0.5274,0.4391,0.6913,1.0584,0.4797,0.6398,0.6122,0.7523,0.4608,0.87,0.6952,0.5915,0.7656,1.534,0.5148,0.5363,0.4034,0.6656,0.7944,1.4961,0.6709,0.7546,0.4621,0.5572,0.4791,0.7668,0.7036,0.7038,0.9646,0.5126,0.5222,0.4745,0.5043,0.5054,0.6851,0.7062,0.603,0.6522,0.6068,0.4604,0.81,0.6002,0.8602,0.8311,0.513,0.502,0.4892,0.3945,0.4965,0.5157,0.7565,0.5199,0.4465,0.545,0.4134,0.5693,0.5774,1.7203,0.4388,0.5123,0.4991,0.517,0.5738,1.6524,0.6167,0.7608,0.5626,Coarse.root.diameter..mm._mean
Coarse.root.diameter..mm._median,0.4448,0.476,1.0808,0.4629,0.4287,0.5803,1.0109,0.4723,0.6227,0.652,0.7042,0.4578,0.9078,0.6724,0.6294,0.7089,1.5567,0.5124,0.5152,0.4055,0.5756,0.7556,1.5425,0.6498,0.7197,0.4568,0.5434,0.4085,0.7608,0.6753,0.6822,1.0118,0.5126,0.5554,0.4775,0.4442,0.3983,0.7252,0.5949,0.6176,0.6502,0.5834,0.4247,0.7893,0.5993,0.86,0.8608,0.5072,0.4756,0.4763,0.3807,0.4333,0.4958,0.6884,0.5174,0.4383,0.5371,0.4137,0.4776,0.4949,1.6742,0.432,0.4853,0.4931,0.5195,0.5467,1.6016,0.621,0.7026,0.517,Coarse.root.diameter..mm._median
Coarse.root.diameter..mm._q1,0.4447,0.3713,0.9793,0.4344,0.4049,0.5612,0.8796,0.4367,0.5153,0.4066,0.678,0.3829,0.6829,0.5907,0.6116,0.6826,1.5099,0.5092,0.5073,0.3848,0.5048,0.7347,1.513,0.5317,0.7133,0.44,0.4928,0.3962,0.6805,0.6238,0.5976,0.8623,0.5126,0.4492,0.4413,0.4345,0.39,0.4692,0.5519,0.5511,0.5456,0.479,0.4132,0.6715,0.5946,0.7784,0.7696,0.4752,0.4581,0.4676,0.3708,0.4112,0.4305,0.6767,0.4894,0.4206,0.4805,0.3836,0.4518,0.4633,1.6424,0.4085,0.4576,0.4725,0.4836,0.5064,1.5328,0.6016,0.6826,0.4506,Coarse.root.diameter..mm._q1
Coarse.root.diameter..mm._q3,0.4757,0.5834,1.0963,0.5557,0.482,0.6808,1.1812,0.5061,0.734,0.7385,0.7786,0.5311,1.0459,0.7614,0.6546,0.8176,1.5695,0.5435,0.5301,0.424,0.7108,0.8283,1.5607,0.7575,0.7651,0.479,0.6089,0.4914,0.8471,0.7918,0.7346,1.0552,0.5126,0.6285,0.5487,0.5158,0.5989,0.9416,0.6992,0.6504,0.7311,0.7411,0.498,0.8493,0.6114,0.9346,0.8691,0.5352,0.5371,0.506,0.3957,0.5684,0.5949,0.8273,0.5479,0.4707,0.5522,0.4456,0.6015,0.5508,1.7521,0.4701,0.5638,0.5142,0.5237,0.5998,1.7466,0.6345,0.7652,0.6096,Coarse.root.diameter..mm._q3
Length..mm._min,540.8065,842.7659,136.9983,690.6303,649.7308,210.4378,204.3705,638.7929,740.7782,285.7686,233.7054,419.1869,354.769,250.7707,345.0184,157.3761,115.8338,1092.5216,767.8332,1057.5869,238.6997,222.0653,112.3682,252.2371,235.4814,1165.7446,699.1185,309.1749,164.5247,234.717,333.5754,153.4559,697.2206,639.88,839.1843,426.7441,725.144,185.2214,145.8323,283.9772,236.9644,226.3417,402.0686,166.798,1304.3092,271.1662,289.3346,335.1714,371.8918,732.4652,1351.7069,538.3192,425.2603,221.4558,476.22,710.3939,367.6422,642.8207,264.1631,206.2242,99.0121,624.8233,434.8089,582.3629,822.4033,393.7138,92.1253,642.2337,201.5376,236.5275,Length..mm._min
Length..mm._max,1400.9554,2165.4432,188.1798,1800.9226,1857.715,576.8104,586.8996,1115.1047,1122.37,1261.7717,530.2575,1147.6831,854.9225,865.0043,804.7986,444.587,138.8685,1485.4495,1343.2691,1391.2469,998.6603,552.7338,151.7723,779.4428,512.9524,1557.827,1038.8796,1556.1957,351.8959,587.8475,557.3573,185.4006,697.2206,2637.445,1914.7819,1026.1981,2132.8219,1089.3107,555.6731,572.8859,531.1347,761.2699,1068.3931,341.6958,1743.7421,600.4605,576.2941,1713.0145,1414.6051,1321.9704,2134.6148,1568.3903,1317.2938,414.4122,1158.8852,913.6532,760.8286,1029.3877,1065.2226,849.1498,110.7961,950.0575,1025.0884,1222.0988,1126.7316,872.9411,128.8512,1227.1874,1080.7547,888.9595,Length..mm._max
Length..mm._mean,910.7148,1430.1238,165.8142,1398.8148,1184.2228,430.9453,353.326,898.0676,917.924,784.0455,356.1863,760.2062,564.5173,490.2675,528.6583,301.8656,127.8039,1248.4469,1058.816,1212.0925,522.1119,401.0248,123.8831,442.8261,305.7919,1328.7384,830.2721,1163.8096,275.2982,402.111,450.3154,166.0075,697.2206,1229.6052,1233.4415,745.098,1519.0389,438.4236,322.4412,408.1434,343.6642,497.1086,603.8734,249.2255,1475.8977,382.3649,411.931,830.9796,711.2368,947.0007,1834.4168,1132.818,929.7274,339.8142,868.9989,791.3216,521.0007,829.1329,747.5057,619.1712,105.515,849.7324,771.3275,848.0358,950.3053,675.6145,105.7391,891.0954,695.6724,548.1698,Length..mm._mean
Length..mm._median,841.1659,1392.7024,166.6681,1576.8974,1258.2306,452.1406,329.876,865.035,919.4088,619.9656,330.3179,759.3472,560.9404,331.9093,474.4893,295.6213,128.7095,1213.1597,1102.142,1199.768,412.4948,414.5126,119.8004,343.1426,243.7135,1295.6909,826.7526,1394.9339,292.3862,398.3189,438.982,159.209,697.2206,820.5479,1213.0172,786.6152,1690.1351,242.5414,305.7664,415.061,330.9741,485.8164,573.5852,244.5289,1432.0733,323.1404,383.7074,740.2478,612.7127,875.0916,1871.7561,1029.621,976.9287,351.6235,920.4452,789.8812,460.4845,796.1654,852.0398,684.13,106.1258,891.8153,782.2878,808.0858,918.6517,680.5122,96.2409,862.7651,708.962,551.4364,Length..mm._median
Length..mm._q1,764.4667,940.8689,156.8036,1203.7127,714.7504,378.8503,252.7505,848.3966,805.5186,540.2716,260.7159,542.3464,443.8502,318.1305,393.5939,271.574,122.2716,1111.6195,900.7804,1059.5139,277.1683,326.3953,119.4307,316.9836,237.4708,1229.6625,737.5542,1010.767,229.1962,344.0521,385.8204,154.8942,697.2206,732.811,900.2812,604.9942,1093.4867,195.2941,257.6215,343.5917,283.4978,390.0953,527.9444,220.0691,1318.1351,290.8037,302.9706,674.3312,471.8066,784.8123,1834.1379,909.5861,787.4383,315.3042,760.5502,725.8308,388.9776,726.2302,608.6248,500.0826,102.0336,822.7749,628.4795,744.1689,876.8951,594.3044,94.1831,738.1742,556.1172,361.0957,Length..mm._q1
Length..mm._q3,1006.1797,1845.8289,178.8085,1645.3919,1440.687,517.827,413.8878,1012.4496,1008.3693,1150.027,425.9806,944.0817,628.2686,777.9295,625.3913,346.3932,133.789,1339.4844,1178.4228,1352.3466,780.646,482.6046,120.1373,558.8313,299.3413,1394.7668,868.4189,1547.9765,338.4881,450.205,533.4174,178.7879,697.2206,1317.3421,1299.9431,883.07,1908.5788,479.7505,361.4687,425.201,355.9427,620.3683,648.9141,273.0356,1605.2926,452.9778,517.79,875.893,776.1734,1060.7727,1934.2404,1473.533,1112.4909,396.2754,1028.894,827.1998,648.6878,954.5462,947.4781,791.3105,109.6072,917.1078,965.2833,910.5603,1006.8447,788.989,112.5461,1006.9242,903.7272,710.1168,Length..mm._q3
Fine.root.length..mm._min,430.6922,599.7485,60.3619,488.2358,552.7075,115.4684,100.1558,521.9077,507.0102,182.3279,126.1945,322.6458,247.477,165.0193,249.0178,82.9091,56.5177,768.0961,617.1746,956.1094,135.8631,106.079,55.9273,150.8182,128.2243,941.1537,514.1151,236.2501,89.5112,132.4226,214.5606,74.7098,581.6497,514.2293,646.573,298.2404,500.2849,132.608,85.583,214.7188,141.0319,148.0938,319.2757,83.149,914.5834,138.1153,113.1943,248.4887,291.4307,581.3505,1087.7782,369.5709,323.8739,129.3658,379.1586,580.6179,243.2336,516.6211,183.6018,124.7139,26.3638,520.4192,295.2133,436.4669,614.9501,235.6614,21.708,457.2354,131.6635,152.9645,Fine.root.length..mm._min
Fine.root.length..mm._max,1175.5571,1876.2974,116.4014,1413.686,1623.886,474.3987,436.4751,864.2988,841.7234,1070.158,414.3918,1019.1102,664.7315,675.2049,681.5793,325.5602,67.6123,1102.1044,1047.5698,1130.44,810.7374,326.3933,106.0864,642.7813,370.8679,1288.5769,862.7592,1320.4857,284.3442,425.5893,414.6386,112.908,581.6497,2321.0844,1552.3436,901.0462,1749.8638,986.8008,452.8193,508.6747,463.2143,641.1512,959.7974,239.3224,1321.1189,433.6823,309.3055,1286.2929,1234.7321,1097.2978,1854.9335,1352.465,1054.3945,307.4739,984.0625,783.4789,642.1544,927.1135,901.6147,730.9473,54.8318,836.4332,885.0098,1015.5461,884.4959,722.9862,44.9373,861.079,665.728,775.4095,Fine.root.length..mm._max
Fine.root.length..mm._mean,766.1173,1177.1994,93.3229,1112.6305,1023.1221,339.3117,231.5677,710.5612,679.1688,631.7267,254.9328,640.7592,407.9535,366.7082,409.6921,202.5103,61.0146,919.1019,830.9748,1044.7438,417.7531,243.1349,67.2853,338.2599,202.0926,1085.8485,661.5062,982.1324,193.8839,293.4128,318.1789,87.5957,581.6497,1019.2761,1008.1029,620.181,1238.2549,378.8107,258.7837,335.0046,268.1098,383.889,513.078,165.8534,1075.2031,239.6026,186.1067,656.8036,597.8085,762.7713,1551.9606,938.2095,740.8597,241.5208,704.1457,660.9299,404.5131,721.3913,618.532,519.1748,40.8356,735.728,635.6859,693.4317,739.0299,522.174,30.8713,632.515,412.4699,454.2083,Fine.root.length..mm._mean
Fine.root.length..mm._median,728.6057,1148.9142,94.3098,1285.9559,1069.1767,374.4624,207.5605,713.1392,705.4605,451.9439,239.5724,584.1632,387.7595,242.3448,354.6703,201.0848,58.9138,871.9692,844.9826,1046.2129,321.9985,253.8803,60.0889,258.0868,154.8926,1056.8317,662.2712,1185.8969,200.8401,327.8049,322.1879,75.1692,581.6497,620.8954,976.1015,664.6681,1438.9997,190.5689,250.6138,323.3326,250.308,367.656,489.7824,165.4169,1064.0988,189.0852,149.7767,625.3221,517.4715,707.288,1580.4936,890.0342,758.3437,249.9778,726.6808,654.2206,345.7376,692.2951,707.9877,574.372,41.0734,780.9869,653.2252,665.0096,718.556,527.8854,25.9685,617.2873,425.3622,449.9571,Fine.root.length..mm._median
Fine.root.length..mm._q1,632.6748,725.634,89.9922,934.0873,605.9663,292.024,149.6021,638.8809,569.3646,384.1101,167.7547,465.2083,307.8994,208.044,311.1602,161.6002,57.7158,856.4618,715.8484,965.2022,206.7276,205.6873,58.827,201.072,148.6411,993.7836,583.1018,871.0215,142.7635,223.2791,259.0665,74.8246,581.6497,576.4018,708.6735,488.4246,841.9108,153.957,203.4085,280.8747,192.8096,259.389,445.2536,141.0924,953.6856,177.7179,129.9096,528.2957,375.6208,647.4491,1566.2648,692.8145,620.1325,224.6388,590.3333,602.5815,302.4281,644.4958,500.4032,424.4894,28.8284,690.3586,506.5576,607.2398,670.1465,428.8639,23.8382,515.3248,271.1896,287.5733,Fine.root.length..mm._q1
Fine.root.length..mm._q3,863.0568,1565.8146,103.0788,1360.3526,1263.874,418.016,282.419,805.8505,769.8844,989.0104,326.7504,827.7278,455.9755,602.5576,452.0327,242.8229,63.2631,996.8778,929.9972,1125.7544,661.9284,310.1851,62.3576,467.8113,207.8372,1148.8966,698.7493,1297.0078,251.9606,350.7649,378.6512,103.4733,581.6497,1063.7696,1156.8228,750.2314,1603.6252,430.119,306.7025,347.4223,310.1919,508.5217,554.8536,200.2863,1143.8528,282.5606,240.919,691.3009,652.424,818.7475,1630.0302,1258.2254,921.6913,296.1475,840.4932,694.3098,508.1021,826.6691,799.0527,686.1544,53.0807,805.183,815.6365,759.1834,807.0009,639.2377,35.4529,724.9698,561.5194,610.1262,Fine.root.length..mm._q3
Coarse.root.length..mm._min,110.1143,207.8232,48.2858,202.3945,97.0233,75.209,102.417,116.8852,170.3246,90.1787,88.0505,60.0705,107.292,81.0964,82.4337,74.467,56.92,239.6503,150.6586,89.3538,69.2126,108.3268,45.6859,56.61,80.5888,224.5909,137.4131,72.9248,49.6747,40.4279,106.8969,72.4062,115.5709,125.6507,143.1203,90.1353,215.9899,31.2644,54.0794,62.717,43.6457,78.2479,77.8621,72.7493,322.7618,109.0658,161.3382,86.6827,80.4611,129.8726,263.9287,130.5718,101.3864,90.6654,97.0614,121.5603,85.8731,65.3086,80.5613,75.5932,55.9643,101.1819,109.2454,133.3999,199.8438,130.8495,70.2724,184.9983,69.8741,63.5021,Coarse.root.length..mm._min
Coarse.root.length..mm._max,225.3983,289.9836,94.8981,387.2366,233.829,106.3655,150.4245,250.8059,280.6466,199.5627,115.8657,222.0268,215.5157,203.369,173.3586,119.0268,72.1918,383.3451,295.6993,260.8069,187.9229,229.3374,60.8805,136.6615,142.0845,269.2501,191.5498,256.0549,110.7299,162.2582,178.3157,84.4993,115.5709,316.3606,362.4383,143.0038,382.9581,102.5099,102.8538,91.7284,109.266,136.9759,108.5957,102.3734,477.5239,179.568,290.1326,426.7216,179.873,264.1096,317.1504,249.1725,262.8993,106.9383,194.602,143.0051,140.9148,144.9265,163.6079,118.2025,73.3909,132.4163,159.7495,206.5527,242.2357,200.423,83.9139,366.1084,415.0267,113.55,Coarse.root.length..mm._max
Coarse.root.length..mm._mean,144.5975,252.9244,72.4913,286.1843,161.1007,91.6336,121.7582,187.5064,238.7551,152.3188,101.2535,119.447,156.5638,123.5593,118.9662,99.3553,66.7893,329.3451,227.8412,167.3487,104.3588,157.89,56.5978,104.5662,103.6993,242.8899,168.7658,181.6772,81.4143,108.6982,132.1366,78.4118,115.5709,210.3291,225.3387,124.917,280.784,59.6129,63.6576,73.1387,75.5544,113.2196,90.7955,83.3721,400.6946,142.7622,225.8243,174.176,113.4282,184.2294,282.4563,194.6086,188.8677,98.2935,164.8533,130.3917,116.4876,107.7416,128.9737,99.9964,64.6794,114.0044,135.6415,154.6042,211.2754,153.4406,74.8679,258.5804,283.2024,93.9616,Coarse.root.length..mm._mean
Coarse.root.length..mm._median,131.7919,246.562,73.5234,286.2675,176.813,92.834,116.0508,194.0104,245.67,160.1944,100.6315,112.4412,147.769,105.3056,119.819,99.2508,71.2562,342.6066,233.6834,159.6171,95.3992,160.6324,58.2762,107.4603,91.5041,238.8593,178.2711,198.8646,82.6263,118.4642,126.7332,78.2867,115.5709,199.6526,192.6113,125.4496,274.8594,51.9725,55.1526,69.2584,76.208,116.0081,87.5327,79.112,401.4566,138.0078,234.529,153.9704,104.8811,167.8036,274.1937,206.2238,190.8586,100.1279,183.8748,129.6472,121.5414,114.2369,144.0521,105.8308,64.6811,114.3726,139.3483,146.7063,206.7486,150.3553,70.4173,241.6645,297.2905,99.7855,Coarse.root.length..mm._median
Coarse.root.length..mm._q1,112.5602,238.8566,68.6469,267.2884,108.7841,82.7852,103.5977,141.6223,230.203,136.9682,91.9999,84.9824,132.5477,89.5645,96.0006,94.1341,64.0881,324.4255,176.957,100.3735,83.2194,126.4526,56.6198,99.2778,88.8297,234.7054,150.5951,139.7456,68.6788,71.9523,120.934,73.9411,115.5709,156.4092,191.6077,123.5495,234.5038,49.6315,54.4967,64.2112,56.0296,108.7151,82.5481,78.9767,381.1906,127.122,171.9923,112.7087,86.546,153.2948,266.2074,165.872,153.4426,92.09,155.3824,128.6167,96.1028,76.3104,108.2216,81.5103,56.5265,104.4041,122.7338,140.4508,200.0957,143.7383,70.3449,202.1876,271.2371,87.5161,Coarse.root.length..mm._q1
Coarse.root.length..mm._q3,143.1229,279.386,76.6523,292.0502,189.0539,100.5511,138.6324,232.3779,260.2967,167.8261,109.6862,128.515,182.1146,169.0241,123.2193,109.9737,71.724,356.6979,279.8766,226.5922,108.6043,170.1718,59.8692,118.856,115.4892,247.0437,183.858,240.7962,95.3618,146.7105,133.038,82.9461,115.5709,253.5725,236.9157,134.3657,304.9537,62.6861,59.1099,77.7787,93.0733,123.3472,100.5923,83.649,420.2642,160.8248,271.085,184.5921,123.7494,212.4475,294.8428,216.8321,232.3893,101.6457,193.3457,130.0747,136.4591,136.6135,148.4254,113.0107,72.834,117.2787,146.5587,153.5972,207.4532,158.4824,77.1656,306.4295,342.2078,102.7363,Coarse.root.length..mm._q3
Coarse.root.specific.length..cm.g._min,3467.6662,2444.9788,9309.7795,2108.276,2718.9419,6240.8105,1319.1734,2138.9587,986.8659,2652.3256,4819.3458,2494.6831,710.4603,1815.6138,1864.071,785.5279,148450.4167,3645.2303,2858.9657,3524.4176,2856.5722,1368.45,54387.9762,3451.048,4178.9559,2201.8716,1480.0272,2000.237,7922.5997,4385.3568,2628.4544,50903.1325,4815.4542,2192.9211,3245.4205,3473.073,1091.549,5694.9944,2025.4457,3611.4286,5674.2189,5409.713,3548.8435,7163.9888,1427.7189,4276.3641,4854.3382,3441.3032,3670.8776,3566.2317,2565.8835,2497.4315,324.3657,3687.5276,3096.7855,3254.3575,2073.4767,2009.3163,3718.3614,3755.575,222396.6667,4343.6556,3566.6923,3554.7641,3568.6393,3408.0659,26305.2978,2657.6025,2833.1401,3853.6769,Coarse.root.specific.length..cm.g._min
Coarse.root.specific.length..cm.g._max,6477.3118,3379.8189,126530.8,3997.338,5439.205,22674.675,5120.85,2997.0564,2274.2836,12882.6714,16431.4339,4388.2318,2783.9596,16516.5784,7278.2866,19291.9689,5692000,4793.006,3840.2506,3984.95,23616.7,7249.1438,20009033.33,11724.7283,17037.8013,2614.0786,4059.6171,9458.4695,31651.2658,11366.0444,7043.0444,74558.7619,4815.4542,4487.525,4562.0881,9834.73,2279.5125,27493.9035,45991.8321,14580.7158,24778.7976,23150.2663,8532.2,30198.195,2012.4914,8389.6769,8998.15,14447.1167,13410.1833,6570.2043,3446.4221,4326.8795,5336.1263,5979.1588,9478.6523,4634.8571,4726.0925,4181.5639,13913.8687,40755.15,1117666.154,5481.9524,7772.5835,5144.4288,4509.8522,6233.2222,338544.7115,3854.1312,9982.0143,11937.5714,Coarse.root.specific.length..cm.g._max
Coarse.root.specific.length..cm.g._mean,4279.6261,2926.444,52325.838,3309.7243,3971.676,12441.3071,3781.1465,2554.235,1689.5541,4503.5822,10148.4295,3333.3263,1364.3556,6313.8789,4748.5359,10563.2112,2022016.597,4087.2825,3200.6072,3737.0999,11537.2615,2775.368,3496546.647,7134.0801,10525.6987,2399.2422,2461.8497,4228.7724,17054.462,6381.4904,4323.9955,62820.4676,4815.4542,3010.1729,3956.997,4951.0129,1779.221,15923.8394,14373.2046,8412.177,12412.3003,8695.3744,5743.209,14622.8199,1654.041,6256.3054,6670.8254,7130.6755,6216.2206,5255.7072,2957.3371,3569.4305,1670.6237,4881.508,4915.6752,3801.3626,3472.3958,2981.7846,6164.5359,10966.0149,604778.8498,5020.279,4819.6956,4122.4856,4141.166,4464.447,142911.3364,3266.6681,4862.3604,7422.2055,Coarse.root.specific.length..cm.g._mean
Coarse.root.specific.length..cm.g._median,3881.3862,3003.2461,45243.0015,3385.6405,3929.1778,9803.9673,4134.0303,2569.4358,1744.7269,3748.3925,9668.0181,3263.0634,1176.9153,4234.0962,4608.0516,9064.435,225599.375,4007.8416,3137.6999,3719.5161,8697.1763,1945.7143,213603.1681,6467.8493,9682.9735,2390.5093,2289.2479,2728.1916,14321.9913,5258.6268,3861.5567,62999.4783,4815.4542,2680.1227,3975.5639,4085.8229,1896.7783,16446.9937,10203.7376,8384.6801,11193.6438,5891.8151,5582.5823,12078.1679,1625.6887,6296.5211,6586.6111,6414.5589,4938.1431,5225.9813,2871.1096,3693.1186,831.7468,5006.395,3543.6314,3794.0487,3549.4878,3008.9871,4509.2333,5371.2013,474273.7288,5128.8378,4247.3398,4004.278,4257.3553,4629.3842,63884,3219.5908,4033.1682,6375.5792,Coarse.root.specific.length..cm.g._median
Coarse.root.specific.length..cm.g._q1,3578.0725,2577.4408,30222.6308,3097.8933,3150.8983,7563.8549,3449.0003,2388.6276,1302.0181,3221.8676,7926.3656,2577.2963,918.0097,2675.9079,3718.7772,7379.2779,187024.8958,3911.6847,3077.8825,3668.0722,5466.8124,1554.0478,58362.9975,5856.4262,6923.8129,2295.431,1867.1205,2250.381,9927.7719,4778.7225,3067.515,53917.8728,4815.4542,2242.2334,3624.383,3745.8528,1506.9054,8271.9167,3341.7232,6081.2119,10198.4243,5731.2058,4503.4665,7423.398,1508.6062,5412.207,5993.4566,5679.0241,4738.5104,5061.9647,2667.5538,3414.9727,516.9163,4317.4,3358.0388,3407.4359,2792.9646,2356.0822,3893.3,4728.1,348335.1977,4818.1857,3776.202,3692.6641,3971.077,3826.5181,45094.6489,2879.835,3423.0766,5516.7601,Coarse.root.specific.length..cm.g._q1
Coarse.root.specific.length..cm.g._q3,3993.6939,3219.7128,58120.2042,3831.0152,4620.1571,16931.4457,4602.111,2677.0966,2110.3864,4498.677,11911.8603,3997.4225,1423.8603,9223.2556,6273.4932,15688.9958,2958799.688,4078.65,3162.7376,3788.5437,18867.3639,2526.1984,414927.7644,8397.2528,14804.95,2494.3204,2767.2219,4706.5829,21448.6815,6865.8067,5275.284,71678.3323,4815.4542,3448.0621,4377.5295,4885.8793,2074.5146,21711.3889,15121.0014,9402.8486,11623.5207,6086.1792,6670.9646,16250.3498,1728.7319,6945.1155,7049.2804,7633.997,5485.5437,5760.4091,3260.1244,3951.2572,1923.7745,5417.0588,5101.2678,3987.7359,4183.6519,3409.8014,4787.9161,5814.8615,795969.9414,5220.205,5160.6318,4329.8483,4398.9064,5021.3646,201214.3558,3716.7801,4813.0113,9664.1492,Coarse.root.specific.length..cm.g._q3
Fine.root.specific.length..cm.g._min,18085.4938,6182.9742,15097.4579,5085.7896,17819.6117,23093.68,1267.7949,5710.9826,2475.3046,4675.0744,10516.2083,7057.3326,1645.7252,2845.1603,4860.5667,1154.2871,140858.9583,8630.2933,8127.7696,15276.2162,3773.975,2156.4482,55300.8257,9479.305,7687.3082,9226.9971,4112.9208,13074.1158,23078.0861,10554.3531,5537.2552,45005.9036,24235.4042,6258.8806,13371.2534,8060.5514,2428.5675,54822.2667,7086.1723,27163.5887,16749.6318,9465.0583,23078.7905,16747.5437,3505.7192,6576.919,3903.2517,10373.3298,18601.7944,16990.63,11450.2968,7705.1329,930.5943,7609.7529,10514.4001,17468.8769,4053.8933,15525.6663,19134.8027,24505.5143,89848.1818,26020.96,16437.2662,15390.2292,13368.4804,5236.92,14086.9279,5807.9744,2572.2108,21852.0714,Fine.root.specific.length..cm.g._min
Fine.root.specific.length..cm.g._max,25334.8353,20940.1324,110890.625,19363.1704,30298.315,69262.125,11486.1868,13929.1755,9933.3312,42845.3,33819.013,28809.1034,8135.5681,34556.8839,25489.1286,31405.4833,5891380,17439.384,13604.8026,40343.0458,70808.7333,6629.9375,19966666.67,34224.8293,32746.8499,12510.4553,16220.6114,30642.0363,45349.9521,46624.1974,19867.3684,98180.8696,24235.4042,22755.7294,32133.9667,40045.6192,11143.8701,106914.5833,78229.8068,45203.9579,79465.1134,43814.7337,37155.99,30017.6895,6291.0424,13442.6923,7075.9944,57372.39,48571.7833,25488.1704,20416.1169,27416.4849,17045.9947,14807.375,37027.207,20736.3536,18347.2686,26674.5409,31710.1554,62356.95,464676.2712,38342.0476,22983.769,19401.8452,15288.4255,20005.8444,104365.3846,11096.5364,18809.0714,45004.5167,Fine.root.specific.length..cm.g._max
Fine.root.specific.length..cm.g._mean,21858.6095,13780.0251,60374.8591,13113.9079,24281.1631,40175.9553,7116.3194,10583.0773,5184.8805,18012.4781,23665.2921,19393.8308,3679.4462,16957.7406,16783.4263,19520.0043,2069618.924,11761.2799,11987.5668,27646.102,40649.1044,3704.9818,3506624.07,21169.7227,19621.7817,10730.1135,10164.9357,18200.8651,34574.8343,19964.1977,10855.6795,71592.1625,24235.4042,13809.2158,18519.3351,24161.1606,8218.7669,70378.2735,44008.982,34528.4309,45839.076,25144.3426,30437.1421,24297.6915,4484.0009,9831.3309,5275.5948,28609.3709,28738.6076,21844.5919,16284.4999,17334.8406,6150.035,11684.2677,20549.284,19079.8009,12400.373,20319.0006,23592.4456,34088.658,320040.4587,32545.4111,20675.8917,17981.2392,14365.2011,15017.8869,47353.3466,8246.5953,7693.9179,30583.0269,Fine.root.specific.length..cm.g._mean
Fine.root.specific.length..cm.g._median,21576.42,13130.574,58714.9395,13352.5502,26319.4048,35827.5092,7523.4425,11661.5627,4665.88,15870.2697,25162.9736,18743.1554,2728.836,13239.3118,18879.2873,20804.4558,176617.8125,11245.9633,12491.8091,27482.5729,46229.5604,2986.7924,260180.4166,17947.0431,21993.3545,10591.5008,10144.951,14543.6541,34935.6494,13108.0179,9634.0311,71589.7143,24235.4042,13111.1266,15523.436,23054.6758,10562.2361,60306.6139,48632.0972,29555.0823,46961.8861,25062.0401,30678.6817,25254.4885,4121.7898,9454.2575,5456.7682,21387.9169,25393.9923,22947.6084,15933.852,19612.6244,3839.3622,10697.0857,17327.7644,19380.4266,12940.5561,19351.1499,20850.1333,29444.1528,405596.9231,33083.6788,21647.9331,18252.4906,14410.7304,16044.7782,23607.7273,8074.7111,6533.3752,28518.2622,Fine.root.specific.length..cm.g._median
Fine.root.specific.length..cm.g._q1,19171.9636,8536.8709,42320.931,10601.5123,18882.3953,30432.4648,6776.3375,8231.4171,2910.4772,8932.7942,15578.7958,15229.0389,2025.7571,8001.6923,11007.7685,16278.01,158738.3854,9623.1663,11966.0038,19432.8402,27197.9758,2616.5598,81977.9023,16532.7958,10907.8794,9670.7801,6445.1728,13292.7132,29846.6665,11037.2068,6237.999,51651.8563,24235.4042,7457.4109,14694.8409,18444.2215,5333.8719,58161.4035,14868.6333,28609.3757,23738.8932,17236.214,26827.7854,20437.3776,4013.0767,9037.4338,4286.2067,19090.8012,23809.1177,18404.2117,14526.471,11245.0814,2204.6807,10602.5483,13244.2701,18229.0663,9896.4303,17392.0992,20491.2432,26128.1474,247722.5525,26552.2539,19013.9198,18099.6745,14258.4362,13327.977,18847.3276,6154.4194,4957.572,23038.8035,Fine.root.specific.length..cm.g._q1
Fine.root.specific.length..cm.g._q3,25124.3345,20000.3381,76159.9333,16721.8029,28086.0889,45264.971,8158.1709,13382.2487,6449.1282,24534.4282,33249.4699,26400.2173,4466.9448,27229.7528,23680.3805,21479.0415,3033998.906,11867.5929,13186.8084,35695.8347,53504.8013,4479.2768,421174.375,28005.8126,24773.5167,11650.8342,13901.9376,19451.806,39663.8172,22809.7521,13925.0599,91533.0807,24235.4042,19462.9315,16873.1786,30539.4172,10909.0148,71686.5,70552.7044,42110.1499,63414.0039,30891.4437,33833.2538,29031.358,4695.5664,10734.5892,5762.7672,38558.7083,29740.441,25089.7431,18920.1165,21349.1043,8148.6727,14704.5765,24632.7783,19595.6884,16163.8207,23042.0985,25775.8936,32653.0308,435136.5972,38189.8476,22813.8835,18469.3556,14499.9328,17492.8259,63986.5559,10202.1653,7095.7215,35924.1141,Fine.root.specific.length..cm.g._q3
Proportion.fine.roots_min,0.7964,0.7116,0.3888,0.7069,0.8478,0.5487,0.4901,0.7275,0.6844,0.638,0.5396,0.7388,0.6459,0.6104,0.7218,0.5268,0.4391,0.703,0.7398,0.8125,0.5692,0.4777,0.4899,0.5979,0.5261,0.8073,0.7354,0.7641,0.5441,0.5642,0.6432,0.4693,0.8342,0.7348,0.7705,0.6989,0.6899,0.679,0.5869,0.7561,0.5952,0.6238,0.76,0.4985,0.7012,0.5093,0.3583,0.7414,0.7682,0.7628,0.8047,0.6865,0.7415,0.5842,0.7725,0.8173,0.6616,0.8037,0.695,0.6047,0.2663,0.8329,0.6789,0.7495,0.7477,0.5986,0.2356,0.6614,0.4347,0.6467,Proportion.fine.roots_min
Proportion.fine.roots_max,0.8662,0.8665,0.6475,0.8289,0.8773,0.8371,0.7437,0.8443,0.8179,0.8795,0.7818,0.9168,0.7775,0.7998,0.8469,0.7323,0.5086,0.7844,0.8075,0.9155,0.8782,0.6543,0.699,0.8432,0.723,0.8272,0.835,0.8698,0.8513,0.8976,0.7793,0.6093,0.8342,0.8801,0.8899,0.878,0.8579,0.9059,0.8561,0.8879,0.8785,0.8422,0.8984,0.7336,0.761,0.7222,0.5367,0.8695,0.8728,0.83,0.869,0.8868,0.8341,0.7473,0.8491,0.8575,0.844,0.9145,0.8464,0.8671,0.4949,0.8884,0.8642,0.8358,0.8015,0.8341,0.3488,0.7671,0.6533,0.8723,Proportion.fine.roots_max
Proportion.fine.roots_mean,0.8374,0.803,0.562,0.7852,0.8599,0.7629,0.628,0.7933,0.7363,0.7759,0.6889,0.8335,0.715,0.7253,0.7659,0.6524,0.4782,0.7359,0.7868,0.8673,0.7668,0.5973,0.5357,0.7307,0.6454,0.8163,0.7937,0.8292,0.6802,0.7162,0.7007,0.5227,0.8342,0.8001,0.8126,0.8191,0.796,0.8197,0.7791,0.8115,0.7566,0.7451,0.8418,0.65,0.7276,0.609,0.4416,0.7907,0.8264,0.8055,0.8437,0.8137,0.7924,0.6994,0.8055,0.8342,0.7645,0.8679,0.8076,0.8095,0.3824,0.8636,0.8092,0.8128,0.7761,0.7593,0.2847,0.7099,0.5889,0.8011,Proportion.fine.roots_mean
Proportion.fine.roots_median,0.8391,0.8099,0.5828,0.7978,0.8507,0.8077,0.6278,0.798,0.731,0.7557,0.7169,0.844,0.7213,0.7302,0.7475,0.6796,0.4869,0.7419,0.7951,0.8706,0.7787,0.6119,0.5016,0.7497,0.6578,0.8154,0.7974,0.8414,0.6627,0.7004,0.6791,0.4898,0.8342,0.7927,0.8047,0.8406,0.8294,0.8312,0.8166,0.8171,0.77,0.7569,0.8488,0.6765,0.7188,0.6071,0.4502,0.7735,0.8372,0.8083,0.8496,0.8404,0.8039,0.7125,0.8002,0.8302,0.7792,0.8783,0.8309,0.8506,0.3842,0.8704,0.8277,0.8247,0.7822,0.7909,0.2698,0.7068,0.6125,0.8294,Proportion.fine.roots_median
Proportion.fine.roots_q1,0.8276,0.7632,0.5589,0.7659,0.8497,0.7645,0.5912,0.777,0.7065,0.722,0.6398,0.7793,0.679,0.6766,0.7228,0.5951,0.463,0.706,0.7835,0.8326,0.744,0.5889,0.4982,0.627,0.6259,0.8082,0.7737,0.8168,0.6161,0.6105,0.6714,0.4744,0.8342,0.7701,0.7872,0.8064,0.7474,0.7857,0.787,0.779,0.6629,0.679,0.8351,0.6411,0.7087,0.5791,0.3793,0.7581,0.7956,0.7966,0.8366,0.762,0.7713,0.7109,0.7903,0.8274,0.7378,0.8328,0.8222,0.8234,0.2824,0.8391,0.801,0.8113,0.7642,0.7155,0.2527,0.69,0.5961,0.7773,Proportion.fine.roots_q1
Proportion.fine.roots_q3,0.8578,0.8568,0.61,0.8178,0.8741,0.8212,0.6815,0.8161,0.7492,0.8446,0.7664,0.886,0.7497,0.7746,0.7906,0.7009,0.4977,0.7442,0.8018,0.9053,0.8183,0.6382,0.5193,0.8303,0.6943,0.8236,0.8228,0.8539,0.7268,0.8156,0.7357,0.5792,0.8342,0.8227,0.8107,0.8517,0.8442,0.8965,0.8202,0.8175,0.8665,0.8178,0.8626,0.7004,0.75,0.6305,0.4864,0.8134,0.855,0.8253,0.855,0.8609,0.8088,0.742,0.8155,0.8403,0.7939,0.9056,0.8433,0.8608,0.4842,0.8804,0.8554,0.8326,0.785,0.8066,0.3093,0.7264,0.6257,0.859,Proportion.fine.roots_q3